FIRM,ASSETS TENDERS,FUEL TENDERS,EVENT TENDERS,TENANCY TENDERS,FOOD TENDERS,CONSTRUCTION TENDERS,ADVERTISEMENT TENDERS,SERVICES TENDERS,CONSUMABLES EDUCATION TENDERS,CONSUMABLES GENERAL TENDERS,CONSUMABLES HEALTH TENDERS,TRANSPORTATION TENDERS
COM_29975,14,0,0,0,0,0,0,4,0,16,38,0
COM_33178,4,0,0,0,0,0,0,3,0,17,44,0
COM_40482,11,0,3,0,7,0,1,58,0,273,469,0
COM_32870,18,0,0,0,0,0,0,41,0,0,0,0
COM_27615,0,0,0,0,0,12,0,4,0,0,0,0
COM_28822,4,0,1,0,0,41,0,59,0,0,0,0
COM_37183,5,0,1,0,0,8,0,9,0,0,0,0
COM_25779,0,0,0,0,0,34,0,26,0,0,0,0
COM_25251,46,0,1,0,5,0,0,11,2,38,37,0
COM_25908,2,0,0,0,0,1,0,1,0,25,31,0
COM_27043,2,0,0,0,1,0,0,1,0,26,111,0
COM_27172,3,1,0,0,1,0,0,8,1,65,136,0
COM_27364,0,0,0,0,0,1,0,7,0,61,55,0
COM_27676,79,0,2,0,0,0,0,17,0,58,144,0
COM_28615,0,0,0,0,1,0,0,12,0,44,52,0
COM_29301,272,1,6,0,11,3,0,49,0,207,367,0
COM_30470,0,0,0,0,0,0,0,3,0,15,23,0
COM_31054,0,0,0,0,1,0,0,9,0,39,126,0
COM_31999,103,0,0,2,5,0,0,32,0,114,269,0
COM_32869,4,0,0,0,1,0,0,1,0,47,26,0
COM_36470,6,6,0,0,0,0,0,1,0,2,0,0
COM_25994,0,0,0,0,0,0,1,12,0,0,0,0
COM_27830,1,0,0,0,0,27,0,38,0,0,0,0
COM_26061,0,0,0,0,0,10,0,10,0,0,0,0
COM_25332,4,0,0,0,0,0,0,13,0,0,0,0
COM_32124,5,0,0,0,0,0,0,22,0,0,0,0
COM_29842,0,0,0,0,0,0,0,1,1,15,0,0
COM_28678,3,0,0,0,0,19,0,10,0,0,0,0
COM_29605,1,0,2,0,0,1,0,3,0,0,0,0
COM_25785,4,0,0,0,40,0,0,6,0,3,0,0
COM_26020,2,0,0,0,35,0,0,8,0,3,0,0
COM_28007,7,0,1,0,61,0,0,8,3,12,0,0
COM_31045,20,0,2,0,42,0,0,22,7,34,0,0
COM_32553,4,0,1,0,87,2,0,18,3,27,0,0
COM_33681,42,0,4,0,53,0,0,33,2,40,0,0
COM_33960,20,0,1,0,63,2,0,28,9,43,0,0
COM_25328,2,0,1,0,0,37,0,23,0,0,0,0
COM_25834,4,0,1,0,0,2,0,14,0,0,0,0
COM_26212,0,0,0,0,0,16,0,8,0,0,0,0
COM_26942,1,0,1,0,0,29,0,28,0,0,0,0
COM_37015,0,0,0,0,0,20,0,15,0,1,0,0
COM_37084,0,0,1,0,0,14,0,4,0,0,0,0
COM_25917,1,0,0,0,103,0,0,26,0,39,70,0
COM_27182,75,1,1,0,0,2,2,16,2,32,56,0
COM_27304,50,0,0,0,1,0,0,6,0,27,159,0
COM_29254,4,0,0,0,1,1,0,12,0,35,119,0
COM_30211,20,0,0,0,0,0,0,37,0,15,19,0
COM_36426,6,0,0,0,0,0,0,0,0,6,11,0
COM_25668,0,1,0,0,0,1,0,3,0,2,0,0
COM_26936,3,0,1,0,71,3,3,13,31,8,0,0
COM_27004,0,0,0,0,34,0,0,17,0,83,47,0
COM_28883,0,0,0,0,54,0,0,1,0,0,0,0
COM_30879,0,0,0,0,78,0,0,1,0,12,0,0
COM_32956,2,0,1,0,23,0,0,4,2,6,0,0
COM_34208,13,0,0,0,81,0,0,17,2,16,0,0
COM_36951,20,0,1,0,48,0,0,23,1,20,4,0
COM_26183,1,0,1,0,0,41,0,11,0,0,0,0
COM_27355,0,0,0,0,0,12,0,12,0,1,0,0
COM_30239,0,0,0,0,0,25,0,26,0,1,0,0
COM_30652,1,0,0,0,0,4,0,14,0,0,0,0
COM_31755,0,0,0,0,0,19,0,27,0,0,0,0
COM_27678,12,0,0,0,0,0,0,12,0,54,103,0
COM_26621,1,3,0,0,0,5,0,1,0,3,0,0
COM_25490,42,0,0,0,0,0,0,3,0,6,78,0
COM_27061,144,0,0,0,1,2,0,40,0,47,115,0
COM_30188,1,0,1,0,0,0,0,5,0,13,49,0
COM_31275,52,0,0,0,0,0,1,3,0,22,41,0
COM_37117,1,0,0,0,1,37,0,31,0,0,0,0
COM_27094,0,0,0,0,30,1,0,1,0,0,0,0
COM_29658,0,0,0,0,17,0,0,2,0,0,0,0
COM_32311,13,0,7,6,0,20,0,68,0,0,0,0
COM_30527,4,5,0,0,0,0,0,3,1,1,0,0
COM_26126,125,0,2,11,1,1,0,26,0,61,75,0
COM_26948,97,0,0,0,1,0,0,10,0,58,139,0
COM_36735,251,1,3,1,0,1,0,38,0,100,160,0
COM_36992,75,0,0,0,1,0,0,7,0,52,122,0
COM_31927,32,0,2,0,42,0,0,7,8,24,2,0
COM_36560,18,0,2,0,98,1,0,10,3,21,1,0
COM_36717,96,0,4,0,341,0,0,52,20,79,2,0
COM_26916,0,0,0,0,0,0,0,1,0,17,27,0
COM_27694,5,0,2,0,0,29,0,79,0,2,0,0
COM_26581,1,10,0,0,0,0,0,4,0,0,0,0
COM_28900,0,0,0,0,3,0,0,2,0,23,35,0
COM_29589,30,0,0,0,4,0,0,4,0,32,58,0
COM_36922,83,0,0,0,5,0,1,14,0,65,151,0
COM_26782,13,0,0,1,0,0,0,33,0,0,0,0
COM_30222,6,0,0,0,0,0,0,22,0,0,0,0
COM_33657,0,0,0,0,0,0,0,41,0,0,0,0
COM_30591,2,0,0,0,0,3,0,28,0,0,0,0
COM_25275,19,0,0,0,1,0,0,30,0,2,4,0
COM_28520,40,0,0,0,0,0,0,5,0,3,13,0
COM_28762,303,0,3,0,0,4,2,23,8,50,4,0
COM_31907,28,0,0,0,0,0,0,0,1,9,0,0
COM_44504,87,0,0,0,0,0,0,28,0,9,0,0
COM_29378,124,0,0,0,30,0,0,14,4,84,91,0
COM_30595,2,0,1,0,0,29,0,43,0,0,0,0
COM_33647,5,0,1,1,0,26,0,32,1,0,0,0
COM_25730,1,0,0,0,24,0,0,8,2,8,1,0
COM_29838,21,0,1,0,117,5,0,15,2,42,0,0
COM_31626,38,0,5,0,191,0,3,31,15,60,1,0
COM_32154,25,0,2,0,23,0,0,17,2,16,0,0
COM_27836,0,0,0,0,0,0,0,4,0,20,9,0
COM_27530,0,0,0,0,0,0,0,10,0,8,16,0
COM_36750,2,0,0,0,0,0,0,3,0,21,25,0
COM_27296,0,0,0,1,0,1,0,15,0,0,0,0
COM_26524,5,0,0,0,2,0,0,1,1,17,26,0
COM_41239,18,0,1,0,15,1,0,10,0,24,11,0
COM_30513,2,0,0,2,0,1,0,6,0,0,0,0
COM_34383,35,0,0,0,5,0,0,25,0,65,167,0
COM_29952,154,0,6,0,5,40,0,20,12,39,0,0
COM_30057,60,0,1,0,1,61,0,24,4,17,0,0
COM_31551,22,0,1,0,30,3,1,20,0,35,0,0
COM_31224,1,0,0,0,0,13,0,2,0,0,0,0
COM_30988,1,0,0,0,0,5,0,17,0,0,0,0
COM_34136,1,0,4,2,0,74,0,81,0,0,0,0
COM_43232,6,0,0,0,0,9,0,26,0,0,0,0
COM_32687,0,0,1,0,16,0,0,5,1,15,0,0
COM_33363,27,0,1,0,76,5,1,30,0,18,0,0
COM_33734,39,0,2,0,59,8,2,39,7,50,0,0
COM_33757,6,0,0,0,4,3,0,2,0,11,2,0
COM_28997,4,0,2,1,0,1,0,25,0,0,0,0
COM_29932,3,0,0,0,0,16,0,6,0,0,0,0
COM_29166,30,0,2,0,44,0,0,10,6,27,1,0
COM_29514,1,0,0,0,48,0,0,9,0,6,0,0
COM_48030,36,1,2,0,20,13,2,35,9,28,0,0
COM_29112,0,0,0,0,0,0,0,5,0,0,0,0
COM_27926,2,0,1,0,0,21,0,57,0,0,0,0
COM_31474,10,0,4,4,0,34,0,71,0,1,0,0
COM_28827,0,0,0,0,9,0,0,3,0,7,4,0
COM_25595,0,0,1,0,0,0,26,14,0,2,0,0
COM_26985,0,0,1,0,0,0,8,15,0,0,0,0
COM_29142,1,0,0,0,0,1,14,15,44,0,0,0
COM_42698,2,0,0,0,147,2,0,15,0,37,0,0
COM_26036,2,3,0,0,0,0,0,3,0,0,0,0
COM_26848,14,0,0,0,0,0,0,3,1,5,16,0
COM_27430,19,0,1,0,0,0,0,29,0,3,0,0
COM_28915,1,0,1,0,0,27,0,48,0,0,0,0
COM_29165,7,0,0,1,0,30,0,43,0,0,0,0
COM_33154,6,0,0,4,0,38,0,54,0,2,0,0
COM_37056,2,0,18,1,0,7,0,44,1,0,0,0
COM_27113,4,5,0,0,0,0,0,0,0,0,0,0
COM_25302,6,0,4,0,14,4,0,64,4,136,1,0
COM_31075,47,0,3,0,1,2,0,28,3,67,0,0
COM_31105,0,0,2,0,31,1,0,21,3,54,1,0
COM_31120,21,0,7,0,51,4,2,21,10,71,0,0
COM_31802,35,0,8,0,56,1,3,44,14,65,0,0
COM_31983,98,0,1,0,1,0,0,39,4,43,0,0
COM_34193,1,0,2,0,1,0,1,39,3,55,0,0
COM_37075,42,0,23,0,29,0,0,35,3,15,0,0
COM_13607,0,0,0,0,0,0,0,5,0,0,0,0
COM_28172,1,5,0,0,0,0,0,0,0,0,0,0
COM_28293,0,7,0,0,0,0,0,0,0,0,0,0
COM_31115,0,5,0,0,0,0,0,0,0,0,0,0
COM_32045,1,6,0,0,0,0,0,0,0,0,0,0
COM_29747,14,0,0,0,71,3,0,8,0,13,0,0
COM_31891,38,0,1,0,98,1,1,27,4,56,0,0
COM_36724,0,0,0,0,0,24,0,17,0,0,0,0
COM_26176,3,0,0,0,90,0,0,26,1,16,0,0
COM_13474,0,0,0,0,0,0,0,6,0,0,0,0
COM_19022,0,0,0,0,0,0,0,7,0,0,0,0
COM_36731,0,0,0,0,0,1,0,14,0,3,0,0
COM_26249,19,0,2,0,37,4,0,37,6,38,2,0
COM_36680,0,0,1,0,112,4,0,30,1,28,0,0
COM_27272,17,0,1,2,1,19,0,46,0,0,0,0
COM_30073,15,0,3,3,0,0,0,59,0,0,0,0
COM_26962,22,0,0,0,0,0,0,3,0,16,59,0
COM_29908,16,0,0,0,2,0,0,23,0,14,2,0
COM_26851,12,0,0,0,0,0,0,19,0,0,0,0
COM_30410,3,0,0,0,0,0,0,1,0,6,47,0
COM_26250,8,0,1,3,0,27,0,42,0,1,0,0
COM_32212,0,0,2,0,0,1,0,78,0,0,0,0
COM_25993,15,0,0,0,0,0,0,35,0,0,0,1
COM_33990,0,0,0,0,0,0,0,25,0,0,0,0
COM_32533,9,0,1,0,66,2,0,23,4,36,1,0
COM_33650,18,0,2,0,77,6,2,34,19,63,0,0
COM_34199,8,0,1,0,84,0,0,25,1,16,0,0
COM_36527,3,0,0,0,14,2,0,5,1,5,0,0
COM_36998,0,0,0,0,0,19,0,7,0,0,0,0
COM_25606,0,7,0,0,0,0,0,0,0,0,0,0
COM_26483,8,0,1,0,77,0,0,4,1,7,0,0
COM_26667,3,0,0,0,0,3,4,4,66,1,0,0
COM_46679,0,0,0,0,0,0,0,1,9,0,0,0
COM_31899,11,0,6,0,0,5,0,33,0,19,0,0
COM_33770,32,1,2,0,50,10,0,35,11,36,0,0
COM_33724,12,0,1,0,0,0,0,5,0,23,41,0
COM_29294,3,0,0,0,0,20,0,17,0,0,0,0
COM_46955,19,0,0,0,0,0,0,64,0,1,0,0
COM_31239,13,0,0,1,0,0,0,17,0,0,0,0
COM_31765,15,0,0,1,1,0,0,45,0,0,0,0
COM_29785,4,0,0,0,0,12,0,36,0,0,0,0
COM_30696,3,0,1,1,0,0,0,36,0,0,0,1
COM_31718,0,0,0,0,0,16,0,23,0,0,0,0
COM_36702,1,1,1,0,0,78,0,53,0,0,0,0
COM_31418,0,0,2,0,1,0,28,54,2,1,0,0
COM_37082,8,0,2,2,0,0,0,2,0,7,1,0
COM_29755,7,0,0,0,1,3,0,42,0,1,0,0
COM_26632,1,0,0,0,18,0,0,8,0,6,0,0
COM_31231,36,0,0,0,63,0,0,32,3,37,1,0
COM_31323,1,1,2,0,36,0,0,9,1,10,0,0
COM_32001,35,0,3,0,74,1,2,24,15,30,0,0
COM_32084,43,0,4,0,62,0,0,29,9,38,0,0
COM_32816,24,0,2,0,88,0,0,41,2,60,0,0
COM_33883,33,1,6,0,76,1,3,36,11,38,0,0
COM_48018,17,0,2,0,18,1,0,14,4,15,0,0
COM_30697,1,0,0,0,0,0,0,69,0,0,0,0
COM_31533,16,0,1,0,59,0,5,21,3,13,0,0
COM_31958,12,0,23,2,0,3,0,72,0,0,0,0
COM_36947,1,0,1,0,0,45,0,36,0,2,0,0
COM_28278,0,0,1,0,0,0,42,38,0,2,0,0
COM_43205,0,0,0,0,0,0,9,5,0,0,0,0
COM_32464,5,0,0,1,0,24,0,30,0,0,0,0
COM_29201,0,28,0,0,0,0,0,0,0,1,0,0
COM_31061,5,0,0,0,0,0,0,10,0,0,0,0
COM_28978,14,0,1,2,0,0,0,29,0,11,30,0
COM_29202,1,0,0,0,0,0,2,16,0,0,0,0
COM_28930,0,0,0,0,1,0,0,13,69,4,0,0
COM_34318,0,0,0,0,5,0,0,8,0,0,0,0
COM_25293,2,0,46,0,0,0,0,76,0,0,0,0
COM_25663,0,0,36,0,0,0,0,27,0,0,0,0
COM_26180,1,0,38,0,0,0,0,63,0,0,0,0
COM_26411,1,0,9,0,0,0,0,26,0,0,0,0
COM_27821,1,0,59,0,0,0,0,60,0,0,0,0
COM_27968,1,0,26,3,0,0,0,79,0,0,0,0
COM_28064,0,0,21,0,1,0,0,52,0,0,0,0
COM_29682,0,0,54,0,0,0,0,96,0,0,0,0
COM_32162,0,0,25,0,0,0,0,64,0,0,0,0
COM_32254,0,0,11,0,0,0,0,34,0,0,0,0
COM_32669,8,0,8,1,3,0,0,49,0,0,0,0
COM_32801,16,0,42,6,1,8,1,117,0,0,0,0
COM_32916,0,0,26,0,0,0,0,38,0,0,0,0
COM_33822,0,0,19,2,0,0,0,36,0,0,0,0
COM_26321,1,0,0,0,0,0,0,0,0,6,1,0
COM_26504,19,0,0,0,0,0,0,1,0,3,4,0
COM_26527,42,0,0,33,0,2,0,51,0,26,20,0
COM_36847,41,0,1,0,0,0,0,2,0,3,6,0
COM_37163,26,0,0,0,0,0,0,2,0,3,5,0
COM_30043,15,1,0,2,0,0,0,28,0,1,0,0
COM_30055,11,0,1,7,0,7,0,45,0,1,0,0
COM_30882,12,0,4,3,0,21,0,61,0,2,0,0
COM_30994,4,0,0,1,0,7,0,15,0,0,0,0
COM_32467,14,0,1,3,0,12,0,42,0,0,0,0
COM_33248,2,0,1,1,0,21,0,29,0,0,0,0
COM_48718,6,0,1,1,0,0,0,15,0,0,0,0
COM_32401,6,0,2,0,10,3,1,19,12,14,0,0
COM_34120,3,0,0,0,3,1,0,5,6,5,0,0
COM_48126,12,2,1,1,4,0,0,11,0,11,0,0
COM_26893,2,0,0,0,0,11,0,2,0,4,0,0
COM_25339,1,0,0,0,0,17,0,24,0,0,0,0
COM_37248,2,1,8,0,0,78,0,69,0,1,0,0
COM_29220,2,0,3,2,0,3,0,20,0,0,0,0
COM_30132,9,0,0,3,0,0,0,23,0,0,0,0
COM_31956,22,0,0,5,0,0,0,52,0,1,0,0
COM_41179,12,0,0,3,0,0,0,23,0,0,0,0
COM_30980,40,0,2,1,53,12,0,28,5,25,0,0
COM_33393,7,14,0,0,0,0,0,1,0,1,0,0
COM_26770,0,0,1,0,0,0,53,31,0,0,0,0
COM_40675,0,0,0,0,0,0,22,19,2,1,0,0
COM_29253,5,0,0,3,0,22,1,43,0,0,0,0
COM_29913,6,0,1,1,0,24,0,60,1,0,0,0
COM_29930,4,1,0,0,0,121,0,148,0,1,0,0
COM_30802,5,0,0,2,0,1,0,13,0,1,0,0
COM_31550,26,0,1,0,18,8,2,36,3,17,1,0
COM_32732,3,0,0,0,0,0,0,9,0,1,0,0
COM_32733,5,0,0,2,0,1,0,24,0,0,0,0
COM_33092,19,0,5,1,20,5,14,64,3,28,0,0
COM_33249,20,0,1,3,0,13,0,43,0,2,0,0
COM_33526,6,0,1,2,0,18,0,41,0,1,0,0
COM_40916,14,0,44,2,5,3,8,142,1,8,0,0
COM_44385,15,0,51,0,2,13,6,130,0,1,0,0
COM_27866,0,0,0,0,0,27,0,2,0,0,0,0
COM_27952,0,0,1,0,0,48,0,4,0,0,0,0
COM_31108,0,0,0,0,0,11,0,11,0,0,0,0
COM_33711,0,0,1,0,0,61,0,44,0,0,0,0
COM_32711,8,0,2,0,2,0,0,11,2,16,0,0
COM_30493,9,0,0,0,0,0,0,19,0,0,0,0
COM_30460,7,0,0,0,0,0,0,7,0,8,0,0
COM_29874,1,0,0,0,0,35,0,39,0,0,0,0
COM_29977,1,0,1,0,0,6,0,32,0,0,0,0
COM_25527,6,0,0,0,99,0,0,7,0,23,0,0
COM_28669,16,0,0,0,71,0,1,10,3,39,1,0
COM_29719,21,0,3,0,84,1,0,16,1,25,0,0
COM_32200,31,0,0,0,90,1,1,14,5,26,0,0
COM_48016,32,0,0,0,32,0,1,11,3,11,0,0
COM_48084,5,0,2,0,28,0,1,6,0,12,0,0
COM_27298,0,0,0,0,27,0,0,1,0,0,0,0
COM_30685,0,0,1,0,0,0,0,13,0,0,0,0
COM_33395,14,0,1,5,0,18,0,48,0,0,0,0
COM_27082,0,0,0,0,0,0,0,11,0,0,0,0
COM_30342,4,0,26,0,0,0,0,23,0,0,0,0
COM_32734,10,0,3,6,0,26,0,71,0,0,0,1
COM_34015,8,0,9,4,1,13,0,47,0,3,0,0
COM_37253,12,0,2,0,0,25,1,49,0,1,0,0
COM_27492,22,0,2,0,0,11,0,5,0,5,0,0
COM_28872,38,0,1,0,1,3,0,10,4,46,0,0
COM_30266,27,0,3,0,0,7,0,47,1,25,0,0
COM_33223,4,0,0,0,0,7,0,3,0,3,0,0
COM_29994,16,0,4,0,5,0,1,18,8,18,1,0
COM_33584,12,0,0,0,0,0,0,3,0,16,26,0
COM_32731,0,0,0,0,0,31,0,24,0,0,0,0
COM_22275,14,0,1,0,0,0,0,7,0,11,0,0
COM_26182,46,0,1,0,0,0,4,14,6,20,0,0
COM_36916,22,0,0,0,1,0,1,2,6,3,0,0
COM_28953,1,0,11,0,5,0,1,46,0,0,0,0
COM_32010,17,1,2,0,14,3,1,23,13,21,1,0
COM_32178,2,0,1,1,1,27,0,25,0,2,0,0
COM_48581,6,0,1,2,0,0,0,20,0,0,0,0
COM_48585,9,0,1,2,0,0,0,25,0,0,0,0
COM_31981,6,3,0,0,0,0,0,7,0,7,0,0
COM_25554,4,4,0,0,0,0,0,3,0,0,0,0
COM_30935,2,0,0,0,23,0,0,73,1,30,0,0
COM_32073,0,0,1,2,0,14,0,22,0,0,0,0
COM_26617,0,0,0,0,1,0,3,14,0,1,0,0
COM_31893,1,0,0,0,0,0,21,17,0,0,0,0
COM_25671,2,0,0,0,0,10,0,14,0,0,0,0
COM_29493,0,0,12,0,0,14,0,44,0,0,0,0
COM_31825,9,2,8,1,0,184,0,232,0,2,0,0
COM_32323,0,1,0,0,0,66,0,79,0,0,0,0
COM_32654,3,2,3,0,1,141,0,110,0,2,0,0
COM_34189,3,1,41,0,3,45,0,118,0,2,0,0
COM_48047,0,1,0,0,0,61,0,35,0,0,0,0
COM_26350,28,0,2,0,2,0,0,8,7,7,0,0
COM_30757,40,0,5,0,4,0,6,42,18,51,0,0
COM_31868,0,7,0,0,0,0,0,2,0,0,0,0
COM_36954,0,7,0,0,0,0,0,5,0,23,0,0
COM_26157,9,0,0,0,0,1,0,27,0,1,0,0
COM_26272,3,0,0,0,25,0,0,4,0,6,1,0
COM_40771,0,0,0,0,8,1,0,4,0,1,0,0
COM_29673,14,0,3,0,10,5,0,17,15,21,0,0
COM_34398,3,0,1,0,0,0,0,4,0,10,0,0
COM_30001,4,0,0,0,24,0,0,20,1,16,1,0
COM_31319,5,0,0,0,17,0,0,0,1,9,0,0
COM_36686,28,0,0,0,67,1,0,18,10,25,0,0
COM_30352,0,0,0,0,6,0,0,0,0,2,0,0
COM_32782,0,0,0,0,33,0,0,0,0,3,0,0
COM_28770,0,0,32,0,0,0,0,53,0,0,0,0
COM_32606,11,0,6,1,46,0,3,43,3,18,0,0
COM_33500,28,0,0,0,60,6,2,42,8,38,0,0
COM_33870,21,0,3,0,56,0,1,6,3,26,0,0
COM_31200,2,0,1,1,1,82,0,74,0,4,0,0
COM_33516,0,0,32,0,0,0,0,46,0,0,0,0
COM_25796,4,0,0,0,0,1,0,10,0,0,0,0
COM_27982,30,0,1,0,0,1,0,31,2,9,0,0
COM_30670,12,0,1,0,60,0,3,9,5,16,0,0
COM_27291,8,0,0,1,0,20,0,61,0,0,0,0
COM_28464,1,0,4,0,0,0,0,17,0,0,0,0
COM_29425,4,0,4,0,2,2,0,22,0,0,0,0
COM_29634,2,0,5,0,0,1,0,32,0,0,0,0
COM_29688,0,0,3,0,0,18,0,33,0,0,0,0
COM_29796,3,0,0,0,1,0,0,24,0,0,0,0
COM_30814,10,0,6,0,0,5,0,74,0,1,0,1
COM_30967,2,2,3,1,0,42,0,43,0,0,0,0
COM_31596,6,0,3,1,0,17,0,33,1,0,0,0
COM_31889,1,0,1,0,0,1,2,29,0,0,0,0
COM_32477,5,0,14,2,0,30,0,50,0,0,0,0
COM_33441,2,1,6,1,0,25,0,47,0,0,0,0
COM_34128,18,0,1,0,24,0,2,13,1,10,0,0
COM_34421,1,0,1,0,0,30,0,24,0,0,0,0
COM_41321,2,1,8,0,0,82,0,69,0,1,0,0
COM_48037,22,0,9,0,50,4,2,42,9,27,0,0
COM_48038,18,0,3,0,29,3,1,24,1,16,0,0
COM_25398,3,0,0,0,0,11,0,3,0,3,0,0
COM_28053,29,0,1,0,0,0,1,9,10,14,0,0
COM_33368,0,0,0,0,1,10,0,12,0,0,0,0
COM_25612,5,0,0,3,0,0,0,60,0,0,0,0
COM_28270,7,4,0,0,0,0,0,2,0,0,0,0
COM_28399,0,0,0,0,0,0,2,388,0,4,0,0
COM_26185,0,8,0,0,0,0,0,1,0,0,0,0
COM_32152,22,0,1,0,0,1,1,2,0,32,24,0
COM_28773,4,0,0,0,0,0,0,1,0,8,21,0
COM_31332,1,0,0,1,3,10,3,34,0,14,0,0
COM_26302,4,0,0,0,0,6,0,18,0,0,0,0
COM_26427,0,0,0,0,0,19,0,21,0,0,0,0
COM_30932,0,0,5,0,0,0,0,31,0,0,0,0
COM_25977,78,2,0,0,0,0,0,19,0,4,0,0
COM_26340,0,5,0,0,0,0,0,0,0,0,0,0
COM_27895,0,0,11,0,1,0,0,48,1,0,0,0
COM_25301,26,0,0,0,0,0,0,5,0,8,37,0
COM_28228,14,0,3,0,66,4,2,43,3,28,0,0
COM_25964,3,3,0,0,0,0,0,0,0,0,0,0
COM_28010,0,0,32,1,1,0,1,21,0,0,0,0
COM_33633,1,0,54,0,1,0,0,42,0,0,0,0
COM_11322,0,0,0,0,0,0,0,10,0,0,0,0
COM_25462,2,0,0,0,0,6,0,1,0,3,0,0
COM_32022,4,0,7,0,0,0,1,29,0,4,0,0
COM_30472,0,0,0,0,9,0,0,0,0,1,0,0
COM_29471,8,0,0,1,0,0,0,12,0,0,0,2
COM_36883,4,4,0,0,0,0,0,0,0,0,0,0
COM_30619,16,0,2,0,40,0,2,17,1,16,0,0
COM_29526,0,0,7,0,0,0,0,22,0,0,0,0
COM_25560,0,0,0,0,0,0,0,4,1,0,0,0
COM_25953,0,0,0,0,0,0,0,4,1,0,0,0
COM_26018,0,0,0,0,0,0,0,4,1,0,0,0
COM_27776,0,0,0,0,0,0,0,4,1,0,0,0
COM_27888,0,0,0,0,0,0,0,4,1,0,0,0
COM_28029,1,0,0,0,0,0,0,4,1,0,0,0
COM_28030,0,0,0,0,0,0,0,4,1,0,0,0
COM_28093,1,0,0,0,0,0,0,4,1,0,0,0
COM_28122,0,0,0,0,0,0,0,4,1,0,0,0
COM_28244,0,0,0,0,0,0,0,4,1,0,0,0
COM_28321,0,0,0,0,0,0,0,4,1,0,0,0
COM_28776,0,0,0,0,0,0,0,4,1,0,0,0
COM_28986,0,0,0,0,0,0,0,4,1,0,0,0
COM_30743,0,0,0,0,0,0,0,4,1,0,0,0
COM_30761,0,0,0,0,0,0,0,7,0,0,0,0
COM_33642,0,0,0,0,0,0,0,5,0,0,0,0
COM_33882,0,0,0,0,0,0,0,5,0,0,0,0
COM_34116,0,0,0,0,0,0,0,5,0,0,0,0
COM_34467,0,0,0,0,0,0,0,4,1,0,0,0
COM_36487,0,0,0,0,0,0,0,4,1,0,0,0
COM_36676,0,0,0,0,0,0,0,4,1,0,0,0
COM_36689,0,0,0,0,0,0,0,4,1,0,0,0
COM_36696,0,0,0,0,0,0,0,4,1,0,0,0
COM_36697,0,0,0,0,0,0,0,4,1,0,0,0
COM_36698,0,0,0,0,0,0,0,4,1,0,0,0
COM_37114,0,0,0,0,0,0,0,4,1,0,0,0
COM_28937,7,0,0,1,0,0,0,8,0,5,1,0
COM_32764,0,0,0,0,0,0,0,3,0,15,30,0
COM_36636,0,0,0,0,0,0,0,0,0,4,5,0
COM_31003,2,0,3,0,13,0,0,48,5,32,0,0
COM_36863,0,0,0,0,0,0,0,24,0,0,0,0
COM_29616,0,0,0,0,0,25,0,42,0,0,0,0
COM_31538,1,1,1,0,0,49,0,32,0,0,0,0
COM_43269,1,1,0,0,1,78,0,42,0,0,0,0
COM_28119,4,1,2,0,0,35,0,76,0,0,0,1
COM_29909,0,0,1,0,0,32,0,37,0,0,0,0
COM_32150,2,0,3,0,0,31,0,57,0,0,0,0
COM_43669,0,0,1,0,0,9,0,33,0,0,0,0
COM_26729,2,0,0,0,0,0,0,8,0,0,0,0
COM_10969,0,0,0,0,0,0,0,5,0,0,0,0
COM_28114,1,0,0,0,0,0,0,22,0,14,0,0
COM_30827,5,0,0,1,0,0,0,73,0,27,0,0
COM_26990,1,8,0,0,0,0,0,0,0,0,0,0
COM_28032,3,15,0,0,0,0,0,0,0,0,0,0
COM_30205,101,0,0,0,0,0,0,3,1,3,4,0
COM_30009,14,0,0,1,0,4,0,17,0,1,0,0
COM_29888,10,3,8,0,8,2,3,35,0,6,0,0
COM_30481,4,0,3,3,0,34,0,57,0,0,0,0
COM_33152,4,0,2,0,0,57,0,66,0,0,0,0
COM_29364,1,0,1,0,0,2,1,8,60,8,0,0
COM_31757,0,0,0,0,0,1,0,3,45,0,0,0
COM_29614,2,0,0,1,0,10,0,15,0,1,0,1
COM_30040,2,0,0,4,0,0,0,22,0,0,0,1
COM_28309,9,1,0,0,0,0,0,11,0,6,0,0
COM_31814,68,0,1,0,0,1,0,8,3,28,0,0
COM_30333,3,0,0,0,0,4,0,16,0,0,0,0
COM_26607,5,0,1,0,0,3,0,15,0,0,0,0
COM_48181,6,0,5,2,6,0,5,64,3,4,0,0
COM_30635,15,0,0,0,0,15,0,32,0,14,0,0
COM_29050,6,4,0,0,0,0,0,0,0,0,0,0
COM_32968,3,0,0,1,0,2,2,18,0,0,0,0
COM_33614,4,0,2,0,0,17,0,23,0,0,0,0
COM_33671,3,0,0,1,0,18,0,26,0,0,0,0
COM_33766,6,0,2,0,0,54,0,45,0,2,0,0
COM_48245,2,0,4,0,3,3,0,25,0,0,0,0
COM_29063,0,4,0,0,0,0,0,0,0,1,0,0
COM_36864,16,3,0,0,0,0,0,3,0,2,0,0
COM_30996,0,0,0,0,19,0,0,5,0,2,0,0
COM_30003,0,0,0,0,0,0,0,5,0,19,0,0
COM_32151,21,0,4,2,4,13,0,30,0,1,0,0
COM_32383,15,0,6,1,15,1,44,48,7,60,1,0
COM_34246,20,0,1,1,21,2,0,23,5,11,0,0
COM_29002,18,0,0,0,0,1,0,32,1,8,0,0
COM_26207,0,0,0,1,11,0,1,7,1,19,0,0
COM_31763,9,0,2,0,68,0,2,10,2,57,0,0
COM_26444,0,0,0,0,0,0,0,0,0,10,0,0
COM_33132,3,0,0,0,0,5,0,20,0,0,0,0
COM_10337,0,0,0,0,0,0,0,5,0,0,0,0
COM_13280,0,0,0,0,0,0,0,7,0,0,0,0
COM_14890,0,0,0,0,0,0,0,7,0,0,0,0
COM_17259,0,0,0,0,0,0,0,6,0,0,0,0
COM_18224,0,0,0,0,0,0,0,6,0,0,0,0
COM_3800,0,0,0,0,0,0,0,6,0,0,0,0
COM_39307,0,0,0,0,0,0,0,6,0,0,0,0
COM_25946,22,0,1,0,46,0,0,12,4,21,1,0
COM_28021,19,0,1,0,29,0,0,36,6,12,0,0
COM_31549,0,0,0,0,9,0,0,1,0,0,0,0
COM_32176,12,0,0,0,91,1,0,16,2,25,1,0
COM_33281,64,0,5,0,42,1,0,21,8,27,1,0
COM_25203,6,0,0,0,0,0,0,8,0,0,0,0
COM_28127,24,0,0,0,0,0,0,11,0,0,0,0
COM_25427,0,0,0,0,0,1,0,5,0,1,0,0
COM_25871,0,0,0,0,14,0,0,1,0,0,0,0
COM_33445,18,0,3,0,49,0,0,22,14,47,0,0
COM_29497,8,2,0,0,0,0,0,0,0,0,0,0
COM_30017,0,0,7,0,0,16,0,35,0,3,0,0
COM_30520,3,1,15,2,0,125,0,135,0,0,0,0
COM_32002,0,0,0,0,0,27,0,40,0,0,0,0
COM_31994,6,0,0,0,9,1,0,11,1,5,0,0
COM_29556,0,0,0,0,0,0,0,31,0,0,0,0
COM_25230,5,18,1,0,0,0,0,0,0,3,0,0
COM_31834,1,0,13,1,0,0,0,21,0,0,0,0
COM_26880,1,0,0,0,0,11,0,7,0,0,0,0
COM_29144,74,0,1,0,0,0,0,4,0,19,22,0
COM_28691,9,0,1,0,27,0,0,11,2,12,0,0
COM_29541,3,0,0,0,12,0,0,9,0,7,0,0
COM_27146,11,0,0,0,0,7,0,63,0,0,0,1
COM_30419,7,0,0,1,0,0,0,22,0,0,0,0
COM_26205,0,0,0,0,0,14,0,18,0,0,0,0
COM_29116,0,0,3,0,2,0,0,23,0,0,0,0
COM_27244,27,0,16,0,35,0,4,53,8,51,0,0
COM_36934,53,0,2,0,31,0,0,23,8,29,0,0
COM_30381,0,0,0,0,0,16,0,24,0,0,0,0
COM_29990,115,0,7,0,1,2,0,28,4,36,0,0
COM_1968,0,0,0,0,0,0,0,5,0,0,0,0
COM_24682,0,0,0,0,0,0,0,5,0,0,0,0
COM_864,0,0,0,0,0,0,0,5,0,0,0,0
COM_36654,3,0,0,1,0,0,0,22,0,0,0,0
COM_29703,2,6,3,0,0,0,0,0,0,0,0,0
COM_31845,0,0,0,1,0,1,0,29,0,0,0,0
COM_41536,21,0,0,4,0,0,0,62,0,0,0,0
COM_34668,0,0,1,0,0,0,0,13,0,51,8,0
COM_33555,1,0,0,0,0,5,0,14,0,1,0,0
COM_37048,25,0,0,0,0,0,0,5,0,2,0,0
COM_27786,0,1,2,0,0,0,18,10,1,34,0,0
COM_27813,0,0,0,0,0,1,0,14,0,0,0,0
COM_28643,0,0,0,0,0,18,0,15,0,0,0,0
COM_36616,0,2,0,0,0,0,0,0,0,4,0,0
COM_28959,10,0,3,0,0,0,0,10,0,0,0,0
COM_25870,8,0,0,0,14,0,0,1,0,3,0,0
COM_29162,42,0,3,0,6,0,0,63,11,71,3,0
COM_23526,0,0,0,0,0,0,0,6,0,0,0,0
COM_3047,0,0,0,0,0,0,0,6,0,0,0,0
COM_3048,0,0,0,0,0,0,0,6,0,0,0,0
COM_3880,0,0,0,0,0,0,0,6,0,0,0,0
COM_4032,0,0,0,0,0,0,0,6,0,0,0,0
COM_423,0,0,0,0,0,0,0,5,0,0,0,0
COM_7554,0,0,0,0,0,0,0,6,0,0,0,0
COM_26935,28,0,5,0,49,2,0,30,6,19,0,0
COM_29661,7,0,0,0,0,0,0,16,0,0,0,0
COM_27675,0,4,0,0,0,0,0,0,0,29,0,0
COM_34266,28,0,0,0,0,0,0,14,0,1,0,0
COM_26261,0,0,0,0,50,0,0,4,0,8,0,0
COM_28328,0,0,0,0,0,14,0,17,0,0,0,0
COM_25522,2,0,0,0,0,0,0,0,0,2,16,0
COM_32429,2,0,0,0,0,3,0,0,0,0,0,0
COM_25657,29,1,0,0,0,0,0,27,0,0,0,0
COM_25748,6,0,0,0,0,0,0,3,0,0,0,0
COM_28425,3,0,0,0,0,0,0,13,0,0,0,0
COM_30013,7,0,0,0,0,7,0,21,0,13,0,0
COM_32601,3,0,0,0,0,0,0,2,0,0,0,0
COM_36853,0,0,1,0,0,0,0,24,0,0,0,0
COM_25405,0,0,1,0,0,0,0,7,28,0,0,0
COM_34476,6,3,0,0,0,0,0,11,0,8,1,0
COM_33602,0,0,2,0,0,41,0,41,0,0,0,0
COM_29140,0,0,0,0,0,0,0,5,0,0,0,0
COM_29880,32,0,0,0,20,0,0,2,1,2,3,0
COM_43660,3,0,1,0,0,21,0,36,0,0,0,0
COM_28686,0,0,0,0,3,1,0,11,0,0,0,0
COM_30752,11,0,0,0,0,5,0,19,0,0,0,0
COM_29841,0,0,2,1,0,0,0,10,0,0,0,0
COM_32815,0,0,18,0,4,0,1,46,0,0,0,0
COM_37057,3,2,0,0,0,0,0,2,0,0,0,0
COM_26384,0,0,0,0,0,0,0,33,0,8,0,0
COM_31173,9,0,0,0,0,0,0,4,0,0,0,0
COM_26113,2,2,0,0,3,51,0,53,0,1,0,0
COM_28055,3,0,0,0,0,0,0,0,0,7,0,0
COM_28438,23,0,0,0,0,0,0,9,1,9,0,0
COM_37012,0,1,0,0,24,0,0,4,0,11,0,0
COM_15324,0,0,0,0,0,0,0,7,0,0,0,0
COM_27417,3,4,0,0,0,0,0,2,0,0,0,0
COM_25823,73,0,2,1,5,0,0,11,3,46,0,0
COM_32069,0,0,0,0,0,0,3,2,21,0,0,0
COM_27929,1,0,4,0,1,0,1,78,4,1,0,0
COM_30226,3,0,0,0,0,0,0,2,0,3,0,0
COM_31456,0,0,0,0,0,0,0,34,0,0,0,0
COM_32230,0,0,0,0,2,2,0,23,1,0,0,0
COM_32763,6,0,1,0,0,1,4,35,1,2,0,0
COM_32812,2,0,4,0,0,0,0,12,0,0,0,0
COM_33086,10,0,9,1,4,0,3,39,0,10,0,0
COM_34106,4,0,2,1,8,0,3,19,0,2,0,0
COM_48132,3,0,1,1,0,0,1,17,0,0,0,0
COM_30625,1,0,0,2,0,89,0,89,0,0,0,0
COM_33237,1,0,0,0,0,19,0,11,0,0,0,0
COM_30367,2,0,1,0,0,25,0,40,0,0,0,0
COM_29041,201,0,0,0,0,0,0,12,30,26,3,0
COM_33089,136,0,5,0,3,6,1,26,6,79,0,0
COM_28839,0,0,0,0,0,0,0,3,0,11,0,0
COM_39405,0,0,0,0,17,0,0,18,4,8,1,0
COM_29586,1,0,0,0,0,0,0,14,0,0,0,0
COM_36877,4,1,0,0,0,0,0,7,0,0,0,0
COM_26747,0,0,0,0,0,2,0,8,0,2,0,0
COM_27857,3,0,0,0,0,0,0,0,0,3,4,0
COM_43934,2,0,0,1,0,6,0,15,0,1,0,0
COM_26568,0,0,0,0,0,12,0,28,0,0,0,0
COM_28825,6,0,2,0,0,5,1,45,0,11,0,0
COM_16353,0,0,0,0,0,0,0,5,0,0,0,0
COM_25435,7,0,3,0,2,0,23,27,0,15,1,0
COM_37182,0,0,0,0,2,0,6,26,0,12,0,0
COM_29115,69,0,1,0,8,0,0,34,5,51,0,0
COM_27149,4,9,0,0,0,0,0,0,0,0,0,0
COM_29808,4,0,0,0,3,0,7,29,1,5,0,0
COM_30948,12,0,0,0,0,0,0,11,0,0,0,0
COM_29151,2,5,0,0,0,0,0,0,0,0,0,0
COM_27815,0,0,0,0,1,0,10,9,0,1,0,0
COM_29448,9,0,0,0,0,0,0,4,0,1,0,0
COM_27350,2,0,0,0,0,80,0,46,0,0,0,0
COM_29545,1,0,0,0,0,70,0,35,0,0,0,0
COM_30515,0,2,0,0,0,48,0,22,0,1,0,0
COM_32381,4,2,0,0,0,152,0,97,0,0,0,0
COM_33581,2,0,0,0,0,54,0,20,0,0,0,0
COM_33811,3,1,0,0,0,115,0,78,0,0,0,0
COM_41553,3,0,1,0,0,0,2,7,1,13,0,0
COM_33426,0,0,0,0,0,32,0,27,0,0,0,0
COM_27622,2,7,0,0,0,0,0,0,0,1,0,0
COM_33835,6,0,0,0,0,0,0,5,0,0,0,1
COM_27527,11,0,0,0,0,0,0,0,0,1,0,0
COM_32526,4,0,0,0,0,6,0,39,0,0,0,0
COM_28203,1,0,0,0,0,0,16,22,0,8,0,0
COM_36526,5,1,0,0,0,0,0,5,0,0,0,0
COM_31018,3,0,5,0,0,5,0,21,0,0,0,0
COM_4831,0,0,0,0,0,0,0,6,0,0,0,0
COM_29764,0,0,1,0,0,0,0,10,0,0,0,0
COM_30343,16,0,0,0,0,0,0,4,6,5,0,0
COM_31232,9,0,7,0,3,0,0,21,0,10,0,0
COM_28265,0,0,0,0,0,19,0,10,0,0,0,0
COM_30613,20,2,0,0,0,0,0,12,0,2,0,0
COM_28178,0,0,0,0,0,0,0,77,0,2,0,1
COM_32969,16,0,0,0,1,0,1,30,2,15,0,0
COM_28005,4,0,0,0,0,0,0,8,0,0,0,0
COM_28336,5,0,2,0,0,2,0,2,0,0,0,0
COM_26401,0,7,0,0,0,0,0,0,0,0,0,0
COM_29643,0,0,0,0,0,2,0,18,0,0,0,0
COM_30943,7,0,0,0,25,0,0,2,2,10,0,0
COM_32547,8,0,1,1,10,2,2,9,0,10,0,0
COM_30966,9,0,0,0,19,2,0,18,0,7,0,0
COM_26208,4,12,0,0,0,0,0,4,0,0,0,0
COM_26103,0,0,1,0,0,0,50,63,1,4,0,0
COM_29691,2,0,0,0,0,10,0,5,0,0,0,0
COM_11324,0,0,0,0,0,0,0,5,0,0,0,0
COM_411,0,0,0,0,0,0,0,5,0,0,0,0
COM_5092,0,0,0,0,0,0,0,5,0,0,0,0
COM_30672,6,0,0,0,0,0,0,9,0,0,0,0
COM_26136,3,0,0,0,0,0,0,28,0,0,0,0
COM_28911,4,0,0,1,0,0,0,14,0,0,0,0
COM_25633,0,0,3,0,0,0,0,6,0,9,0,0
COM_36556,0,0,0,0,0,0,0,7,0,0,0,0
COM_26351,14,0,3,0,1,0,0,14,1,11,1,0
COM_27092,4,0,3,0,0,1,6,22,2,19,0,0
COM_31125,0,0,1,0,0,0,9,17,0,3,0,0
COM_25719,0,0,0,0,0,56,0,31,0,1,0,0
COM_34000,1,0,0,0,0,7,0,15,0,0,0,0
COM_36660,2,0,0,1,0,4,0,14,0,0,0,0
COM_25242,0,0,0,0,0,0,0,10,0,0,0,0
COM_28841,2,0,1,0,0,10,0,7,0,0,0,0
COM_26891,6,5,0,0,0,0,0,0,0,0,0,0
COM_31192,1,0,0,0,0,0,0,0,0,0,14,0
COM_28049,0,0,0,0,0,0,17,18,0,1,0,0
COM_30021,0,0,0,0,0,0,3,6,2,4,0,0
COM_32202,0,0,26,0,0,0,3,130,0,0,0,0
COM_29715,2,0,1,0,0,36,0,44,0,0,0,0
COM_32989,2,1,0,0,0,93,0,35,0,2,0,0
COM_27007,4,4,0,0,0,0,0,3,0,2,0,0
COM_37140,0,0,3,0,9,0,1,20,1,1,0,0
COM_41487,0,0,0,0,0,3,0,15,0,0,0,0
COM_34063,2,0,13,0,0,25,0,56,0,0,0,0
COM_37034,0,0,0,1,0,27,0,16,0,0,0,0
COM_29881,7,1,0,0,0,0,0,12,0,1,0,0
COM_25621,0,0,0,0,0,0,0,0,0,16,0,0
COM_28544,5,3,0,0,0,0,0,3,0,3,0,0
COM_25605,1,10,0,0,0,0,0,0,0,0,0,0
COM_32618,0,0,0,0,48,0,0,6,0,9,0,0
COM_36557,12,0,0,0,0,0,0,5,4,3,0,0
COM_45287,0,0,0,0,0,0,24,18,0,2,0,0
COM_28089,0,0,0,0,0,0,14,14,0,0,0,0
COM_29558,1,0,0,0,0,0,9,16,0,3,0,0
COM_31959,0,0,1,0,0,8,0,28,0,0,0,0
COM_26909,15,0,0,0,0,0,0,18,0,1,0,0
COM_30060,0,0,0,0,7,0,0,1,0,17,0,0
COM_26596,1,5,0,0,0,0,0,0,0,0,0,0
COM_32503,1,6,0,0,0,0,0,0,0,0,0,0
COM_26705,5,0,0,1,31,1,3,17,1,20,0,0
COM_29208,1,0,2,0,0,24,0,9,0,0,0,0
COM_27641,2,0,0,0,0,31,0,21,0,0,0,0
COM_28248,7,0,2,0,0,34,0,41,1,0,0,0
COM_31301,3,0,1,0,0,45,0,40,0,0,0,0
COM_31571,1,0,0,2,0,13,0,28,0,0,0,0
COM_36458,0,0,0,0,0,0,0,55,0,0,0,0
COM_28649,3,0,0,0,0,0,5,5,0,0,0,0
COM_32674,2,4,0,0,0,0,0,0,0,0,0,0
COM_26917,18,0,0,0,0,0,0,2,0,0,0,0
COM_31786,6,0,5,3,0,4,0,17,0,0,0,0
COM_36659,0,0,1,0,0,0,58,40,0,1,0,0
COM_24891,1,0,1,0,10,0,0,0,0,3,0,0
COM_27970,0,0,1,0,0,13,0,30,0,0,0,0
COM_28471,1,0,0,0,0,34,0,28,0,0,0,0
COM_30254,6,0,1,0,0,10,0,24,0,3,0,0
COM_31756,0,0,0,0,0,8,0,32,0,1,0,0
COM_32211,0,0,1,0,0,17,0,37,0,1,0,0
COM_29240,3,0,0,0,0,0,0,0,0,2,9,0
COM_44323,0,0,42,0,0,1,1,56,0,0,0,0
COM_28192,22,0,0,0,6,1,3,10,3,9,0,0
COM_31709,22,0,1,0,0,0,12,11,9,41,0,0
COM_27783,5,5,0,0,0,0,0,0,0,0,0,0
COM_27091,3,0,1,0,0,21,0,12,0,0,0,0
COM_32149,4,0,0,0,90,1,1,19,2,29,0,0
COM_27943,4,0,2,0,0,0,0,17,0,0,0,0
COM_28880,2,0,5,1,0,0,0,12,0,0,0,0
COM_30887,3,0,0,0,0,20,0,49,0,0,0,0
COM_29358,34,0,0,0,0,0,0,12,1,3,0,0
COM_28622,0,0,0,0,0,0,0,35,0,0,0,0
COM_30913,32,0,0,0,0,5,0,16,0,0,0,0
COM_29970,2,0,0,0,0,14,0,14,0,0,0,0
COM_28884,6,0,2,0,0,4,0,15,0,3,0,0
COM_29273,8,0,0,0,0,7,0,36,0,14,0,0
COM_37022,0,0,0,0,0,3,0,12,0,0,0,0
COM_27628,1,5,0,0,0,0,0,0,0,0,0,0
COM_26931,9,0,2,0,38,6,0,20,0,20,0,0
COM_49821,0,0,0,0,13,0,0,4,0,3,0,0
COM_31092,0,0,0,0,0,5,0,7,0,0,0,0
COM_27782,0,0,1,0,0,10,0,5,0,0,0,0
COM_2608,2,0,0,0,3,0,0,0,0,0,0,0
COM_32011,5,0,0,0,0,2,0,0,0,1,0,0
COM_30863,3,0,1,0,0,0,0,9,1,10,1,0
COM_26239,5,0,0,0,0,0,0,0,0,2,5,0
COM_27924,52,0,0,0,0,0,0,7,0,1,0,0
COM_30505,0,0,20,0,0,5,0,51,0,1,0,0
COM_28589,2,0,0,0,0,1,1,23,0,10,0,0
COM_30868,47,0,3,0,0,0,0,23,14,34,0,1
COM_26184,6,0,0,0,10,0,0,41,1,32,1,0
COM_28296,0,0,0,0,0,0,12,8,0,0,0,0
COM_29021,0,0,0,0,0,2,0,20,0,0,0,0
COM_30444,0,0,0,0,0,0,0,67,0,0,0,2
COM_30875,2,0,2,0,0,1,0,2,4,15,0,0
COM_32919,14,0,2,0,5,0,0,3,5,26,0,0
COM_14221,0,0,0,0,6,0,0,2,0,0,0,0
COM_27427,1,0,0,0,0,0,0,22,0,0,0,0
COM_30842,2,0,2,0,0,19,0,10,0,3,0,0
COM_26171,1,6,0,0,0,0,0,0,0,3,0,0
COM_48547,6,0,0,0,19,0,0,4,1,4,0,0
COM_30214,1,0,0,0,0,0,0,94,0,2,0,0
COM_11939,0,0,0,0,0,0,0,5,0,0,0,0
COM_30366,17,0,1,1,0,0,0,1,0,4,3,0
COM_31818,0,12,0,0,0,0,0,0,0,0,0,0
COM_29481,0,0,1,0,0,30,0,19,0,0,0,0
COM_33033,1,0,6,0,0,35,0,42,0,0,0,0
COM_33622,63,0,7,0,33,0,5,30,11,93,0,0
COM_28001,0,11,0,0,0,0,0,0,0,0,0,0
COM_28002,0,11,0,0,0,0,0,0,0,0,0,0
COM_27353,28,0,1,0,9,2,1,37,8,28,0,0
COM_25235,13,0,0,0,0,0,0,0,0,1,0,0
COM_49052,0,0,1,0,14,0,1,0,0,4,0,0
COM_26976,7,0,0,0,0,0,0,35,0,2,0,0
COM_34433,1,0,29,0,0,0,0,38,0,0,0,0
COM_27334,27,0,0,0,4,0,0,0,1,4,0,0
COM_36809,35,0,0,0,0,0,0,1,8,10,0,2
COM_43809,2,0,0,3,0,15,0,17,0,0,0,0
COM_31024,1,0,0,0,0,0,0,12,0,0,0,0
COM_31325,14,0,1,0,3,0,0,16,0,4,11,0
COM_24430,7,0,1,0,0,8,0,1,1,6,0,0
COM_25279,5,0,0,0,0,7,0,18,0,8,0,0
COM_32761,3,0,2,0,3,0,1,16,2,8,0,0
COM_29535,1,7,0,0,0,0,0,0,0,0,0,0
COM_34338,1,0,0,0,0,0,20,19,1,2,0,0
COM_40663,0,0,0,0,0,0,17,1,0,1,0,0
COM_31807,1,0,0,0,0,2,0,0,0,3,0,0
COM_30462,8,0,0,14,0,0,0,7,0,0,0,0
COM_32730,0,0,0,0,11,0,0,4,0,7,0,0
COM_27995,18,0,0,0,0,0,0,13,1,1,0,6
COM_36543,15,0,0,0,0,0,0,5,0,1,0,0
COM_11934,0,0,0,0,0,0,0,5,0,0,0,0
COM_26717,0,0,0,0,0,5,0,5,0,0,0,0
COM_27802,4,0,0,0,18,0,0,10,2,15,0,0
COM_36830,22,0,0,0,0,0,0,0,0,0,0,0
COM_19196,0,0,0,0,0,0,0,5,0,0,0,0
COM_26482,1,0,0,0,0,0,2,11,0,0,0,0
COM_26106,0,0,0,0,0,0,0,4,5,6,0,0
COM_30859,2,0,0,0,8,0,0,4,1,9,0,0
COM_30262,1,0,0,0,0,0,0,12,0,5,0,0
COM_27582,1,13,0,0,0,0,0,4,0,0,0,0
COM_28697,1,0,12,0,1,2,1,84,1,0,0,0
COM_29472,5,0,1,0,0,0,0,22,0,6,0,0
COM_27047,0,0,0,0,24,2,0,9,0,6,0,0
COM_29740,34,0,4,0,20,0,0,42,6,54,1,0
COM_30634,0,0,2,0,7,0,0,2,0,0,0,0
COM_32018,0,0,1,0,12,1,0,5,0,3,0,0
COM_26997,1,0,0,0,0,0,0,6,0,0,0,0
COM_27725,5,0,0,0,0,0,0,6,0,0,0,0
COM_31582,1,0,0,0,0,0,0,16,0,3,0,0
COM_31401,0,0,2,0,9,0,0,3,0,0,0,0
COM_33403,9,0,0,0,0,1,0,0,0,3,0,0
COM_28580,13,0,0,0,1,0,1,19,0,5,0,0
COM_26637,5,0,0,0,0,0,0,1,0,11,6,0
COM_27747,0,0,0,0,0,0,0,7,0,0,0,0
COM_33404,0,0,0,0,0,16,0,17,0,1,0,0
COM_25223,0,0,0,0,0,0,0,6,0,0,0,0
COM_26347,0,0,0,0,0,12,0,19,0,0,0,0
COM_33489,0,0,0,0,0,15,0,12,0,0,0,0
COM_25688,0,0,0,0,0,13,0,7,0,0,0,0
COM_31458,6,0,0,0,0,0,0,57,0,3,0,0
COM_27329,0,0,0,0,0,0,0,5,0,0,0,0
COM_26636,7,0,1,0,0,0,0,5,0,5,0,0
COM_46649,8,0,0,0,0,0,0,2,2,2,0,0
COM_42276,4,0,1,0,11,0,0,13,2,11,0,0
COM_29061,0,0,0,0,0,31,0,34,0,0,0,0
COM_29901,0,8,2,0,0,0,0,6,0,29,0,0
COM_28516,169,0,0,0,0,5,0,4,0,15,0,1
COM_25509,0,1,0,0,0,0,0,4,0,0,0,0
COM_48580,4,0,0,0,0,4,0,9,0,0,0,0
COM_40857,0,0,0,0,0,9,0,11,0,0,1,0
COM_27590,0,0,0,0,0,0,0,8,0,0,0,0
COM_1145,0,0,0,0,0,0,0,5,0,0,0,0
COM_15692,0,0,0,0,0,0,0,5,0,0,0,0
COM_16799,0,0,0,0,0,0,0,7,0,0,0,0
COM_19363,0,0,0,0,0,0,0,5,0,0,0,0
COM_19364,0,0,0,0,0,0,0,5,0,0,0,0
COM_19629,0,0,0,0,0,0,0,5,0,0,0,0
COM_25000,0,0,0,0,0,0,0,5,0,0,0,0
COM_25186,0,0,0,0,0,0,0,6,0,0,0,0
COM_3363,0,0,0,0,0,0,0,5,0,0,0,0
COM_962,0,0,0,0,0,0,0,5,0,0,0,0
COM_36898,103,1,1,0,0,4,0,22,2,11,0,5
COM_30722,1,0,1,0,0,0,0,6,17,0,0,0
COM_29629,16,0,0,0,0,0,0,10,0,2,0,0
COM_28590,7,0,0,0,1,0,0,18,1,9,0,0
COM_33918,29,0,0,0,0,0,0,0,1,3,3,0
COM_26274,2,0,0,0,0,0,0,1,1,16,0,0
COM_29721,43,0,1,0,1,0,0,18,5,29,2,0
COM_33155,5,0,0,0,4,0,0,16,1,11,0,0
COM_33463,0,0,0,0,2,0,0,11,0,0,0,0
COM_29786,2,0,1,0,0,14,0,18,1,0,1,0
COM_34369,0,0,2,0,0,0,1,12,0,0,0,0
COM_27340,85,0,0,0,0,3,2,8,1,15,0,0
COM_33157,0,0,2,0,0,0,0,6,2,0,0,0
COM_25550,106,1,0,0,0,2,0,6,0,9,0,1
COM_33303,0,0,0,0,0,6,0,2,0,1,0,0
COM_30958,17,0,1,8,1,0,0,34,2,7,0,0
COM_32803,6,0,0,0,1,1,0,11,0,19,0,0
COM_48036,14,0,7,0,27,3,1,14,4,14,0,0
COM_33171,0,0,0,0,0,0,4,13,1,0,0,0
COM_28914,9,0,0,1,15,0,0,4,0,13,0,0
COM_32364,0,0,9,0,0,0,0,21,0,0,0,0
COM_17162,0,0,0,0,0,0,0,5,0,0,0,0
COM_17163,0,0,0,0,0,0,0,5,0,0,0,0
COM_18449,0,0,0,0,0,0,0,5,0,0,0,0
COM_3224,0,0,0,0,0,0,0,5,0,0,0,0
COM_9574,0,0,0,0,0,0,0,5,0,0,0,0
COM_33286,0,0,1,0,0,50,0,35,0,1,0,0
COM_29324,23,0,0,0,0,0,3,0,0,18,23,0
COM_28112,1,0,0,0,0,0,0,12,0,0,0,0
COM_29797,1,0,0,0,0,0,0,21,0,4,0,0
COM_28504,1,0,1,0,0,49,0,21,0,1,0,0
COM_32327,0,0,0,0,0,0,0,14,0,0,0,0
COM_28393,0,2,0,0,0,0,0,0,0,8,0,0
COM_36627,0,0,0,0,0,0,0,9,0,1,0,0
COM_27267,0,11,0,0,0,0,0,0,0,0,0,0
COM_28656,10,2,0,0,0,0,0,14,0,7,0,0
COM_36919,0,0,1,0,0,0,3,12,0,1,0,0
COM_28400,3,1,1,0,0,0,0,6,0,0,0,0
COM_27874,0,0,1,0,0,5,0,24,0,0,0,0
COM_31030,0,0,1,0,0,7,0,23,0,0,0,0
COM_31910,0,0,1,0,0,10,0,13,0,0,0,0
COM_42158,0,0,0,0,0,0,3,28,0,0,0,0
COM_30056,1,0,2,0,0,0,0,15,0,0,0,1
COM_32160,0,0,0,0,0,35,0,38,0,0,0,0
COM_26845,0,0,0,3,0,28,0,44,0,1,0,0
COM_28415,2,0,0,0,0,8,0,7,0,0,0,0
COM_28733,2,0,1,0,5,1,0,6,0,1,0,0
COM_36499,6,0,1,0,29,2,2,3,0,8,0,0
COM_31342,3,0,0,2,0,0,0,9,0,0,0,0
COM_46749,31,0,0,0,0,0,0,25,1,1,0,0
COM_33969,0,0,0,0,0,14,0,19,0,2,0,0
COM_37044,3,0,0,0,0,1,0,24,0,3,0,0
COM_28875,3,0,0,1,0,0,0,24,0,0,0,0
COM_25319,0,0,0,0,6,0,0,2,1,9,0,0
COM_25658,45,0,0,0,0,0,0,13,0,1,0,0
COM_40475,0,0,0,0,0,16,0,8,0,0,0,0
COM_32633,5,0,2,0,9,1,3,8,3,18,1,0
COM_32433,0,0,0,0,0,19,0,20,0,0,0,0
COM_28490,4,0,0,0,0,0,0,5,0,0,0,0
COM_30919,0,0,0,0,0,0,9,14,0,3,0,0
COM_29424,0,0,0,0,0,0,0,7,0,2,7,0
COM_30018,17,0,0,1,0,0,0,4,0,11,3,0
COM_26671,8,0,0,0,0,0,0,6,0,0,0,0
COM_34345,0,0,0,0,0,0,0,9,0,0,0,0
COM_32201,1,0,0,0,0,2,0,20,0,0,0,0
COM_31577,3,0,0,0,0,14,0,28,0,0,0,0
COM_33991,0,0,0,0,0,11,0,9,0,1,0,0
COM_27220,0,0,0,0,0,0,0,10,0,1,0,0
COM_29858,3,7,0,0,0,0,0,0,0,0,0,0
COM_28086,2,0,1,0,0,47,0,25,0,0,0,0
COM_34174,0,0,0,0,0,22,0,9,0,0,0,0
COM_27951,0,5,0,0,0,0,0,4,0,0,0,0
COM_28849,14,0,2,0,0,0,0,13,1,13,1,0
COM_30461,0,0,0,0,3,0,0,0,0,4,0,0
COM_26248,0,0,0,0,11,0,0,1,0,0,0,0
COM_28611,0,0,0,0,0,0,0,6,0,0,0,0
COM_36699,0,0,0,0,0,0,0,6,0,0,0,0
COM_31951,0,0,7,0,0,33,0,41,0,0,0,0
COM_27931,2,0,4,0,0,2,0,45,0,1,0,0
COM_26415,21,0,0,0,0,0,0,4,0,21,12,1
COM_30921,4,0,0,1,1,1,0,20,1,4,0,0
COM_26406,1,0,0,0,0,0,0,5,0,28,5,0
COM_33490,0,0,0,3,0,14,0,26,0,0,0,0
COM_36519,0,0,0,0,0,0,0,34,0,0,0,0
COM_29745,2,0,1,8,0,0,0,100,0,0,0,0
COM_21253,2,0,0,0,3,0,0,0,0,0,0,0
COM_26220,0,0,3,2,0,1,0,19,0,0,0,0
COM_32213,6,0,0,0,0,0,0,52,0,1,0,0
COM_33879,3,0,0,0,0,0,0,35,0,1,0,0
COM_25746,0,0,0,0,0,11,0,7,0,0,0,0
COM_30283,11,0,1,0,0,0,0,13,0,9,0,0
COM_30832,2,0,1,1,0,19,0,10,0,4,0,0
COM_36795,1,0,0,0,0,0,0,2,0,17,0,0
COM_32822,4,2,0,0,0,0,0,0,0,0,0,0
COM_26655,0,0,0,0,0,0,0,18,0,9,0,0
COM_29806,0,0,0,0,0,3,0,4,0,1,0,0
COM_26341,0,0,0,0,0,10,0,8,0,0,0,0
COM_32772,2,0,0,0,0,0,0,6,0,0,0,0
COM_33010,4,0,1,0,11,0,0,7,1,10,0,0
COM_31800,0,0,1,0,0,34,0,32,0,0,0,0
COM_32612,0,0,0,0,18,0,0,0,0,2,0,0
COM_30448,8,0,0,0,0,0,0,19,0,0,0,0
COM_33129,0,0,0,0,0,9,0,7,0,0,0,0
COM_25475,0,0,0,0,8,0,0,2,0,1,0,0
COM_29644,25,0,0,0,0,0,0,6,0,4,1,0
COM_31242,0,0,0,1,0,0,0,13,0,0,0,0
COM_33515,0,0,0,0,0,0,0,7,0,0,0,0
COM_26242,13,0,0,0,0,0,0,3,0,0,0,0
COM_44969,0,0,4,0,0,0,0,11,11,0,0,0
COM_30168,0,0,3,0,1,0,0,4,43,7,0,0
COM_28316,0,2,0,0,3,0,0,0,0,8,0,0
COM_31473,3,0,3,1,2,0,0,18,0,0,0,0
COM_27013,0,0,12,0,0,1,0,93,0,5,0,0
COM_29683,0,1,0,0,0,0,0,0,0,7,0,0
COM_31429,2,6,0,0,0,0,0,0,0,0,0,0
COM_37096,0,0,0,0,0,18,0,7,0,0,0,0
COM_48504,1,0,1,0,13,2,0,2,1,3,0,0
COM_25677,0,0,1,0,0,21,0,25,0,0,0,0
COM_20466,1,0,0,0,5,0,0,0,0,0,0,0
COM_29557,0,0,2,0,0,43,0,25,0,0,0,0
COM_33074,0,0,1,0,0,26,0,11,0,0,0,0
COM_28585,0,0,0,0,0,0,0,10,0,0,0,0
COM_29737,0,0,0,0,0,0,0,13,0,0,0,0
COM_32794,0,0,1,0,0,74,0,39,0,0,0,0
COM_34004,4,0,0,0,0,2,0,14,0,2,0,0
COM_12634,0,0,0,0,0,0,0,6,0,0,0,0
COM_22011,0,0,0,0,0,0,0,5,0,0,0,0
COM_27999,4,0,0,0,0,0,0,11,0,2,0,0
COM_34288,0,0,0,0,0,0,0,9,0,0,0,0
COM_43256,0,0,0,0,0,2,0,10,0,0,0,0
COM_30123,0,0,0,0,1,0,0,52,0,1,0,0
COM_29375,0,0,0,0,0,17,0,21,0,0,0,0
COM_28263,3,0,0,0,21,1,0,7,0,3,0,0
COM_29189,5,0,0,0,17,0,0,4,0,7,0,0
COM_32346,0,0,0,0,0,0,1,1,0,16,0,0
COM_36691,10,0,2,0,0,0,0,4,4,17,2,0
COM_26277,11,0,1,0,0,0,0,11,0,3,0,0
COM_25442,0,0,0,0,21,0,0,2,0,2,0,0
COM_25986,3,0,0,0,0,0,0,1,0,4,0,0
COM_29108,1,0,0,0,0,2,0,19,0,0,0,0
COM_30093,0,0,0,0,0,0,0,17,0,5,0,0
COM_29466,0,0,0,0,0,0,0,0,0,7,0,0
COM_26358,19,0,0,0,0,0,0,1,0,1,0,0
COM_27327,1,0,0,0,0,0,0,17,0,6,0,0
COM_28847,2,0,0,0,0,0,5,3,0,0,0,0
COM_37191,0,0,0,0,0,0,0,42,0,0,0,0
COM_25507,19,0,0,0,0,0,0,9,0,7,2,0
COM_30037,0,0,0,0,18,0,0,0,0,2,0,0
COM_28211,0,0,1,0,0,1,0,3,0,4,1,0
COM_41694,1,0,3,0,0,2,0,5,0,11,1,0
COM_48127,2,0,1,0,9,0,0,3,0,3,0,0
COM_6672,0,0,0,0,0,0,0,7,0,0,0,0
COM_28377,0,0,55,0,0,0,0,3,0,0,0,0
COM_25738,0,0,0,0,1,0,0,25,0,0,0,0
COM_27190,0,0,0,0,0,0,0,14,0,0,0,0
COM_26680,6,0,0,0,2,0,0,16,0,9,0,0
COM_26367,1,0,0,0,0,0,0,8,0,0,0,0
COM_26704,3,0,0,0,10,0,0,3,1,3,0,0
COM_40542,3,0,0,0,0,2,0,6,0,5,0,0
COM_32419,0,0,0,0,0,0,0,6,0,0,0,0
COM_30892,0,0,0,0,6,0,0,0,0,2,0,0
COM_31007,11,0,1,0,10,0,0,14,2,5,2,0
COM_26855,3,0,0,0,0,0,0,0,5,11,0,0
COM_33413,4,0,0,0,0,0,0,7,0,3,0,0
COM_31536,0,0,0,0,0,0,0,15,0,0,0,0
COM_37157,7,0,0,0,0,1,0,0,0,3,3,0
COM_44959,8,0,0,0,0,0,0,0,0,0,0,0
COM_28655,0,0,0,0,0,8,0,4,0,0,0,0
COM_36640,0,0,0,0,0,0,0,3,0,3,0,0
COM_32070,0,0,1,0,0,0,1,21,0,0,0,0
COM_36644,0,0,0,0,0,0,0,34,0,0,0,0
COM_26844,0,0,0,0,0,0,0,0,0,9,0,0
COM_48258,4,0,0,0,2,0,0,2,4,24,0,0
COM_33293,4,0,0,0,0,16,0,44,0,1,0,0
COM_25926,80,0,0,0,0,5,0,8,0,4,0,0
COM_29802,0,0,0,0,0,8,0,6,0,0,0,0
COM_31184,0,0,0,5,0,0,0,44,0,0,0,0
COM_30582,1,0,0,0,0,0,0,0,0,18,0,0
COM_29028,2,0,0,0,0,6,0,1,0,0,0,0
COM_28502,1,0,5,0,0,0,0,23,0,1,0,0
COM_32663,1,0,0,0,0,8,0,10,0,0,0,0
COM_29455,1,1,1,0,0,1,0,74,0,1,0,0
COM_26561,4,0,0,0,0,2,0,0,0,0,0,0
COM_28618,4,0,0,0,0,5,0,4,0,3,0,0
COM_48350,3,0,1,0,0,0,0,10,0,2,0,0
COM_33540,8,0,2,0,1,0,1,4,4,5,0,0
COM_26604,1,0,0,4,0,0,0,17,0,0,0,0
COM_34460,0,0,0,0,0,1,2,6,1,0,0,0
COM_33679,0,0,0,0,9,0,0,0,0,4,0,0
COM_32039,5,0,0,0,0,0,0,0,0,0,0,0
COM_32177,0,0,0,0,0,0,0,7,0,0,0,0
COM_37220,16,0,0,0,0,0,0,1,1,2,0,0
COM_30046,0,0,0,0,0,1,0,19,0,0,0,0
COM_17636,15,0,0,1,0,0,0,1,0,0,0,0
COM_37112,0,0,1,0,0,1,0,4,0,11,3,0
COM_23068,6,0,0,2,1,0,0,96,0,3,3,0
COM_30327,0,0,5,0,0,0,0,25,0,1,0,0
COM_1946,0,0,0,0,0,0,0,5,0,0,0,0
COM_20019,0,0,0,0,0,0,0,9,0,0,0,0
COM_5012,0,0,0,0,0,0,0,8,0,0,0,0
COM_29570,0,0,0,0,11,0,0,0,0,1,0,0
COM_32279,1,0,3,0,0,4,0,4,0,2,0,0
COM_27250,0,0,0,0,0,0,0,24,0,0,0,0
COM_30468,0,0,0,0,0,0,0,17,0,0,0,0
COM_28372,0,0,0,0,0,0,0,5,0,0,0,0
COM_36474,0,0,0,0,0,0,0,5,0,0,0,0
COM_28327,0,0,0,0,0,0,0,35,0,0,0,0
COM_25296,0,0,0,0,0,0,0,5,0,0,0,0
COM_33149,0,0,0,0,0,0,0,11,0,0,0,0
COM_32353,27,0,1,0,0,0,0,4,6,2,0,0
COM_19477,45,1,0,0,0,1,0,3,0,1,0,0
COM_30677,1,0,0,0,0,0,0,6,0,0,0,0
COM_30282,0,0,5,0,0,0,0,24,1,0,0,0
COM_32133,0,0,2,0,0,0,0,47,0,0,0,0
COM_29859,0,0,0,0,5,0,0,4,0,2,0,0
COM_37208,15,0,0,0,0,0,0,2,3,3,0,0
COM_29551,0,0,0,0,0,0,0,8,0,4,0,0
COM_21063,0,0,0,0,0,0,0,6,0,0,0,0
COM_2252,0,0,0,0,0,0,0,5,0,0,0,0
COM_23107,0,0,0,0,0,0,0,5,0,0,0,0
COM_8183,0,0,0,0,0,0,0,5,0,0,0,0
COM_31711,0,0,0,0,0,2,0,17,0,0,0,0
COM_30603,1,0,0,0,20,0,0,4,1,10,0,0
COM_48142,2,0,1,0,6,0,0,3,0,2,0,0
COM_26841,0,0,0,1,0,0,0,8,0,0,0,0
COM_25714,0,0,0,0,0,0,0,6,0,0,0,0
COM_29550,3,0,0,0,0,0,0,21,0,1,0,0
COM_27480,0,0,1,0,0,0,0,13,0,0,0,0
COM_32033,1,0,0,0,14,0,0,1,0,0,0,0
COM_29403,0,0,0,0,0,0,0,54,0,0,0,0
COM_36966,12,0,0,0,0,0,0,0,0,0,0,0
COM_32977,0,0,0,0,0,0,0,8,0,0,0,0
COM_30414,0,0,0,0,0,9,0,5,0,0,0,0
COM_31977,0,0,0,0,0,8,0,9,0,0,0,0
COM_42433,2,0,0,0,1,0,5,10,0,5,0,0
COM_32141,0,0,0,0,0,0,0,5,0,0,0,0
COM_36995,0,0,0,0,0,0,0,6,0,0,0,0
COM_31870,0,0,0,0,0,0,0,11,0,0,0,0
COM_32088,1,0,0,0,0,16,0,25,0,0,0,0
COM_28463,0,0,0,0,0,0,7,17,0,0,0,0
COM_26951,1,0,0,0,0,0,0,2,0,4,0,0
COM_32502,0,0,2,0,0,0,0,39,0,0,0,0
COM_25468,3,0,0,0,0,2,0,1,0,2,0,0
COM_26486,5,0,0,0,0,2,0,1,0,0,0,0
COM_41752,3,0,1,0,0,4,0,2,0,0,0,0
COM_27246,1,0,0,0,0,0,0,31,0,0,0,0
COM_31588,12,0,0,0,0,0,0,20,0,0,0,0
COM_29599,1,0,0,0,0,5,0,0,1,0,0,0
COM_26670,1,0,0,0,1,0,0,42,0,0,0,0
COM_27161,1,0,0,0,0,0,8,8,1,3,0,0
COM_41044,3,0,0,0,0,0,0,65,0,0,0,0
COM_30281,4,2,0,0,0,0,0,0,0,0,0,0
COM_37001,1,0,0,0,0,0,0,34,0,0,0,0
COM_27938,3,0,1,0,0,1,6,3,0,0,0,0
COM_25702,1,0,0,0,0,0,0,4,0,0,0,0
COM_29216,0,0,0,0,0,0,0,6,0,0,0,0
COM_28288,0,0,21,0,0,0,0,3,0,3,0,0
COM_28742,0,0,10,0,0,0,1,32,0,0,0,0
COM_30651,0,0,0,0,0,0,0,16,0,3,0,0
COM_28220,0,0,0,0,0,0,0,2,0,4,4,0
COM_26071,0,0,0,0,11,0,0,1,0,0,0,0
COM_32465,4,0,0,0,4,0,0,6,0,14,0,0
COM_30090,1,0,0,0,0,0,0,7,0,0,0,0
COM_31229,1,0,0,0,0,0,0,8,0,0,0,0
COM_27084,0,0,0,0,1,0,0,0,0,7,0,0
COM_31523,1,4,0,0,0,0,0,0,0,17,0,0
COM_27842,2,0,0,0,0,0,0,8,0,0,0,0
COM_10789,0,0,0,0,0,0,0,5,0,0,0,0
COM_1449,0,0,0,0,0,0,0,5,0,0,0,0
COM_19403,0,0,0,0,0,0,0,5,0,0,0,0
COM_21839,0,0,0,0,0,0,0,5,0,0,0,0
COM_23652,0,0,0,0,0,0,0,5,0,0,0,0
COM_24277,0,0,0,0,0,0,0,5,0,0,0,0
COM_24361,0,0,0,0,0,0,0,5,0,0,0,0
COM_24450,0,0,0,0,0,0,0,5,0,0,0,0
COM_5456,0,0,0,0,0,0,0,5,0,0,0,0
COM_5862,0,0,0,0,0,0,0,5,0,0,0,0
COM_6562,0,0,0,0,0,0,0,5,0,0,0,0
COM_7400,0,0,0,0,0,0,0,5,0,0,0,0
COM_7445,0,0,0,0,0,0,0,5,0,0,0,0
COM_7611,0,0,0,0,0,0,0,5,0,0,0,0
COM_9169,0,0,0,0,0,0,0,5,0,0,0,0
COM_9273,0,0,0,0,0,0,0,5,0,0,0,0
COM_25778,1,0,0,0,0,6,0,0,0,0,0,0
COM_29008,0,0,0,0,0,0,0,7,0,35,2,0
COM_37181,0,0,0,0,0,0,0,41,0,1,0,0
COM_31616,1,0,1,0,5,0,0,5,0,0,0,0
COM_32099,0,0,0,0,0,0,0,57,0,0,0,0
COM_26491,0,0,0,0,0,0,0,0,0,5,0,0
COM_27856,0,0,0,0,0,0,0,61,0,1,0,0
COM_30884,0,0,0,0,0,0,0,23,0,0,0,0
COM_32538,0,0,0,0,0,0,1,46,0,0,0,0
COM_36813,24,0,0,0,0,0,0,2,1,4,0,0
COM_34415,0,0,0,0,0,0,12,12,0,2,0,0
COM_31585,0,0,0,0,0,0,0,29,0,0,0,0
COM_37236,1,0,0,0,0,0,1,50,0,0,0,0
COM_31648,1,0,0,0,0,2,0,22,0,0,0,0
COM_26630,2,0,0,0,10,0,0,1,0,2,0,0
COM_28727,0,0,4,0,0,0,0,8,2,0,0,0
COM_31035,0,0,0,0,0,0,0,29,0,0,0,0
COM_29699,0,0,0,0,0,0,0,28,0,0,0,0
COM_30510,0,0,0,0,0,0,0,43,0,0,0,0
COM_32872,0,0,0,0,0,0,0,15,0,0,0,0
COM_33534,0,0,0,0,0,0,0,14,0,0,0,0
COM_25403,0,0,0,0,0,14,0,3,0,0,0,0
COM_27799,0,0,0,0,0,0,0,28,0,0,0,0
COM_32388,8,0,0,0,2,0,0,16,0,3,0,0
COM_27286,0,0,0,0,0,0,0,11,0,0,0,0
COM_25325,7,0,0,0,0,0,0,1,0,1,7,0
COM_27070,0,0,0,0,0,0,0,8,0,0,0,0
COM_28251,5,0,0,0,0,4,0,5,0,2,0,0
COM_28966,0,0,0,0,0,0,0,56,0,1,0,0
COM_32535,5,0,0,0,0,0,0,0,0,1,0,0
COM_36881,3,0,0,0,0,0,1,1,1,0,0,0
COM_32171,1,0,0,0,0,0,0,38,0,9,0,0
COM_29667,2,0,0,0,0,0,0,8,0,2,0,0
COM_27775,3,0,0,0,0,0,0,12,1,11,0,0
COM_32074,0,0,0,0,0,1,0,11,0,0,0,0
COM_29560,1,0,0,0,0,0,0,63,0,0,0,0
COM_28539,0,0,31,0,0,0,0,0,0,0,0,0
COM_27467,6,0,0,0,0,0,0,15,3,22,0,0
COM_36531,0,0,0,0,0,2,0,9,0,4,0,0
COM_27908,0,0,0,0,0,0,1,28,0,0,0,0
COM_26840,0,0,3,0,0,0,0,20,0,0,0,0
COM_33940,7,0,0,0,0,0,0,2,0,0,0,0
COM_28013,0,0,0,0,0,0,2,8,0,0,0,0
COM_28681,0,0,0,0,0,0,0,18,0,0,0,0
COM_31619,0,0,10,0,1,0,0,33,0,1,0,0
COM_36662,0,0,0,0,0,0,11,13,0,1,0,0
COM_29640,6,0,1,0,0,0,0,69,0,0,0,0
COM_28252,0,0,0,0,18,0,0,1,0,0,0,0
COM_31021,0,0,0,0,0,0,0,13,0,0,0,0
COM_27844,0,0,0,0,0,0,0,14,0,0,0,0
COM_33465,1,0,0,0,0,0,0,4,0,0,0,0
COM_31833,4,0,0,0,0,0,0,56,0,0,0,0
COM_25832,4,0,0,0,2,0,0,5,7,26,0,0
COM_28735,0,0,0,0,0,0,0,27,0,0,0,0
COM_25804,71,0,0,1,0,0,0,316,0,20,0,0
COM_26307,23,0,0,0,0,0,0,94,0,8,0,0
COM_33099,2,0,0,0,0,0,0,12,0,0,0,0
COM_31553,0,0,1,0,0,0,0,48,0,0,0,0
COM_31862,0,0,0,0,0,14,0,10,0,0,0,0
COM_32180,0,0,0,0,0,0,1,28,0,0,0,0
COM_27302,0,0,0,0,0,0,0,6,0,0,0,0
COM_29039,0,0,0,0,0,0,0,4,0,1,0,0
COM_32571,1,0,0,0,0,0,0,21,0,1,0,0
COM_31470,0,0,0,0,0,0,0,24,0,8,0,0
COM_31520,18,0,0,0,0,0,0,166,0,5,0,0
COM_26159,0,0,0,0,0,1,0,32,0,1,1,0
COM_27055,1,3,0,0,0,0,0,0,0,2,0,0
COM_29191,0,0,0,0,0,0,0,9,0,0,0,0
COM_34079,0,0,0,0,0,0,0,20,0,0,0,0
COM_28724,1,0,0,2,0,0,0,2,0,5,0,0
COM_31178,0,0,1,0,0,3,0,16,0,0,0,0
COM_17755,0,0,0,0,4,0,0,1,0,0,0,0
COM_1880,0,0,0,0,5,0,0,1,0,0,0,0
COM_3180,0,0,0,0,5,0,0,1,0,0,0,0
COM_43634,1,0,3,0,1,0,0,15,0,1,0,0
COM_3864,0,0,0,0,0,0,0,5,0,0,0,0
COM_34155,2,0,0,0,0,0,0,13,0,0,0,0
COM_25987,5,0,1,0,0,0,0,2,0,0,0,0
COM_28943,0,0,0,0,0,0,0,5,0,0,0,0
COM_32955,0,0,0,0,0,0,0,23,0,0,0,0
COM_26650,0,0,0,0,0,0,0,29,0,0,0,0
COM_27333,0,0,0,0,0,4,0,8,0,0,0,0
COM_12434,3,0,0,0,5,0,0,1,0,0,0,0
COM_33862,0,0,0,0,0,0,1,25,0,1,0,0
COM_28973,0,0,0,0,0,0,6,5,0,1,0,0
COM_26291,0,0,18,0,0,0,0,79,0,0,0,0
COM_41296,0,0,1,0,0,0,0,7,0,0,0,0
COM_31161,1,0,0,0,0,0,0,2,5,1,0,0
COM_31126,0,0,0,0,0,9,0,19,0,0,0,0
COM_25512,3,0,0,0,0,0,0,25,0,0,0,0
COM_30937,0,0,8,0,0,0,0,40,0,0,0,0
COM_31106,4,0,0,0,0,0,0,0,0,12,0,0
COM_25416,0,6,0,0,0,0,0,0,0,0,0,0
COM_20430,2,0,0,0,5,0,0,0,0,0,0,0
COM_26081,0,0,0,0,0,0,0,15,0,2,0,0
COM_12293,0,0,0,0,0,0,0,7,0,0,0,0
COM_26498,0,0,0,0,0,1,0,19,0,0,0,0
COM_28191,0,0,0,0,0,0,0,5,0,0,0,0
COM_33548,0,0,0,0,0,0,0,5,0,1,0,0
COM_36798,3,0,0,0,0,0,0,4,0,5,1,0
COM_27318,0,0,0,0,0,0,9,6,0,1,0,0
COM_43771,0,0,0,0,0,1,0,43,0,0,0,0
COM_27148,0,2,0,0,0,0,0,0,0,5,0,0
COM_25463,2,0,0,1,0,0,0,15,0,23,3,0
COM_30511,0,0,0,0,0,0,0,24,0,0,0,0
COM_33410,0,0,0,0,0,0,0,19,0,0,0,0
COM_25528,0,0,0,0,0,0,0,12,0,0,0,0
COM_36874,3,0,0,0,0,0,0,46,0,0,0,0
COM_36550,0,0,0,0,0,0,0,5,0,0,0,0
COM_25280,0,0,0,0,0,0,0,8,0,0,0,0
COM_27684,1,0,1,0,0,0,0,10,0,0,0,0
COM_37124,8,0,0,0,0,0,0,50,0,2,0,0
COM_28024,44,1,3,0,0,1,0,1,0,5,0,0
COM_34081,0,0,8,0,0,0,0,10,0,0,0,0
COM_25757,6,0,0,1,1,0,0,60,0,0,0,0
COM_21142,0,0,0,0,0,0,0,6,0,0,0,0
COM_28275,0,0,0,0,4,0,0,1,0,0,0,0
COM_26733,0,0,0,0,0,0,0,17,0,10,0,0
COM_27093,0,0,0,0,0,0,0,11,0,9,0,0
COM_29997,0,0,0,0,0,0,0,13,0,8,0,0
COM_36517,19,0,0,0,0,0,0,98,0,8,0,0
COM_27616,10,0,0,0,0,0,0,2,0,2,0,0
COM_30156,1,0,0,0,0,0,0,3,0,12,2,0
COM_41133,0,0,0,0,0,0,0,23,0,0,0,0
COM_28926,3,0,0,0,0,2,0,11,0,0,0,0
COM_29735,0,0,1,0,0,0,0,32,0,0,0,0
COM_34385,0,0,0,0,0,0,0,11,1,4,0,0
COM_29902,0,0,0,0,0,0,0,23,0,0,0,0
COM_29038,0,0,0,0,0,0,0,6,3,5,0,0
COM_26271,0,0,0,0,0,0,1,2,0,6,0,0
COM_40529,0,0,0,0,0,0,0,2,0,5,0,0
COM_28833,4,0,2,0,0,1,0,46,0,0,0,0
COM_33547,0,0,0,0,0,0,0,38,0,0,0,0
COM_32432,0,0,0,0,2,0,0,4,0,1,0,0
COM_26459,9,0,0,0,0,0,1,9,0,3,0,0
COM_33928,2,0,0,0,0,5,0,5,0,0,0,0
COM_32722,50,0,0,0,0,1,0,3,0,3,0,0
COM_32507,0,0,2,0,0,0,0,4,0,0,0,0
COM_28887,0,0,0,0,0,0,0,15,0,0,0,0
COM_44221,0,0,0,0,0,0,0,18,0,0,0,0
COM_28646,0,0,0,0,0,0,0,22,0,0,0,0
COM_28850,1,0,1,0,0,0,0,14,0,0,0,0
COM_44403,0,0,0,0,0,0,0,24,0,0,0,0
COM_27326,11,0,0,0,0,0,0,2,0,0,0,1
COM_28292,1,0,0,0,0,0,0,1,0,3,0,0
COM_28761,0,0,0,0,0,0,0,5,5,4,0,0
COM_20383,0,0,0,0,0,0,0,5,0,0,0,0
COM_23963,0,0,0,0,0,0,0,5,0,0,0,0
COM_24091,0,0,0,0,0,0,0,5,0,0,0,0
COM_6192,0,0,0,0,0,0,0,5,0,0,0,0
COM_6784,0,0,0,0,0,0,0,6,0,0,0,0
COM_8603,0,0,0,0,0,0,0,5,0,0,0,0
COM_37247,0,0,0,0,0,0,0,5,0,0,0,0
COM_28020,0,0,0,0,0,0,0,56,0,0,0,0
COM_28767,1,0,0,0,0,0,0,1,2,2,0,0
COM_26892,9,0,3,0,1,0,0,49,0,2,0,0
COM_25234,0,0,0,0,0,1,0,12,0,0,0,0
COM_32356,0,0,1,0,0,0,0,24,0,4,0,0
COM_28599,0,0,0,0,0,0,0,17,0,0,0,1
COM_26144,0,0,4,0,0,0,0,10,0,0,0,0
COM_26745,0,0,0,0,1,0,0,0,0,5,0,0
COM_27568,0,0,0,0,0,0,0,18,0,0,0,0
COM_30179,0,0,3,0,0,0,0,12,0,0,0,0
COM_36903,0,0,0,0,0,0,0,24,0,0,0,0
COM_28765,0,0,0,0,0,0,0,24,0,0,0,0
COM_29584,0,0,0,0,0,0,0,21,0,0,0,0
COM_31425,0,0,0,0,0,1,0,7,0,0,0,0
COM_27748,0,0,3,0,0,0,0,7,0,0,0,0
COM_17505,0,0,0,0,0,0,0,5,0,0,0,0
COM_25531,1,0,0,0,0,0,0,7,0,0,0,0
COM_36845,1,0,0,0,0,0,0,42,0,0,0,0
COM_27192,0,0,0,0,0,0,0,6,0,0,0,0
COM_31261,0,0,2,0,0,0,1,10,0,2,0,0
COM_27634,0,0,1,0,5,0,0,3,0,5,0,0
COM_31817,0,0,0,0,0,0,0,12,0,0,0,0
COM_25491,1,0,0,0,0,0,0,4,0,6,3,0
COM_31654,0,0,0,0,0,0,0,20,0,0,0,0
COM_27241,0,0,1,0,0,0,0,16,0,3,0,0
COM_17536,1,0,0,0,0,0,0,4,0,0,0,0
COM_4462,1,0,0,0,0,0,0,4,0,0,0,0
COM_30285,5,0,0,0,0,0,0,11,0,2,0,0
COM_32985,0,0,0,0,2,0,0,4,0,0,0,0
COM_26233,0,0,0,0,0,0,0,0,0,13,0,0
COM_29479,0,0,0,0,0,0,0,33,0,0,0,0
COM_29185,1,0,1,0,0,0,0,26,0,0,0,0
COM_56237,0,0,0,0,0,3,0,8,0,0,0,0
COM_27912,0,0,0,0,0,0,0,10,0,0,0,0
COM_31961,0,0,0,0,6,0,0,0,0,5,0,0
COM_36541,0,0,1,0,0,0,5,4,0,2,0,0
COM_26400,2,0,1,0,0,0,4,0,11,2,0,0
COM_25913,0,0,1,0,0,0,0,5,0,0,0,0
COM_26799,7,0,0,0,0,0,0,2,0,0,0,0
COM_36622,0,0,0,0,11,0,0,2,0,14,0,0
COM_32366,0,0,0,0,0,0,0,15,0,0,0,0
COM_31849,1,0,0,0,0,0,0,9,0,0,0,0
COM_27096,0,0,0,0,0,0,0,1,0,5,0,0
COM_45482,0,0,0,0,0,0,0,17,0,0,0,0
COM_27726,0,0,0,0,0,0,0,25,0,0,0,0
COM_25480,0,0,0,0,0,0,0,31,0,0,2,0
COM_31294,0,0,0,0,0,0,0,12,0,0,0,0
COM_36070,1,0,0,0,0,0,0,4,0,9,0,0
COM_37009,0,0,0,0,0,0,0,0,0,5,0,0
COM_30789,0,0,0,0,0,0,0,20,0,2,0,0
COM_34191,0,0,0,0,0,0,0,12,0,0,0,0
COM_27483,0,0,0,0,0,0,0,1,0,11,0,0
COM_26676,0,0,0,0,0,0,0,13,0,0,0,0
COM_26200,1,0,0,1,0,0,0,35,0,0,0,0
COM_36478,0,0,0,0,0,0,0,5,0,0,0,0
COM_6935,0,0,0,0,0,0,0,5,0,0,0,0
COM_37186,0,0,0,0,0,0,0,34,0,0,6,0
COM_26652,3,0,0,0,0,0,0,3,0,6,0,0
COM_2583,0,0,0,0,0,0,0,5,0,0,0,0
COM_5157,0,0,0,0,0,0,0,5,0,0,0,0
COM_27262,0,0,7,0,0,0,0,13,0,1,0,0
COM_30949,0,0,0,0,0,0,0,0,0,6,0,0
COM_27526,0,0,0,0,0,2,0,4,0,5,0,0
COM_37005,0,1,0,0,0,1,0,2,0,2,0,0
COM_43550,0,0,0,0,0,0,0,10,0,0,0,0
COM_32898,0,0,0,0,0,0,0,12,0,0,0,0
COM_27447,0,0,0,0,0,0,0,11,0,0,0,0
COM_10483,1,0,0,0,4,0,0,0,0,0,0,0
COM_37320,1,0,0,0,4,0,0,0,0,0,0,0
COM_34344,4,0,0,0,0,2,0,18,0,2,0,0
COM_29593,0,0,0,0,0,0,0,12,0,0,0,0
COM_30184,0,0,0,0,0,0,0,10,0,0,0,0
COM_26972,1,16,1,0,0,0,0,0,0,0,0,0
COM_28285,0,0,0,0,0,5,0,1,0,0,0,0
COM_26815,0,0,14,0,0,0,0,16,0,0,0,0
COM_31613,0,0,0,0,0,0,0,12,0,0,0,0
COM_26731,0,0,0,0,0,0,0,20,0,0,4,0
COM_29873,0,0,0,1,0,0,0,19,0,0,0,0
COM_28488,1,0,0,0,0,0,0,15,0,0,0,0
COM_29794,0,0,0,0,0,0,0,9,0,0,0,0
COM_29966,0,0,0,0,0,0,0,16,0,0,0,0
COM_25599,2,0,0,0,1,0,0,12,0,4,0,0
COM_30253,0,0,10,0,0,0,0,0,0,0,0,0
COM_36738,0,0,3,0,0,0,0,3,0,7,0,0
COM_33631,0,0,0,0,0,0,0,20,0,0,0,0
COM_28331,1,0,0,0,0,0,0,9,0,0,0,0
COM_43153,2,0,0,0,0,1,0,4,0,0,0,0
COM_25891,0,0,0,0,0,0,0,20,0,0,0,0
COM_38885,1,0,0,0,3,0,0,2,0,5,0,0
COM_26264,1,0,0,0,0,0,0,17,0,1,0,0
COM_30096,1,0,0,0,0,0,1,0,0,4,0,0
COM_30667,0,0,0,0,0,0,0,9,0,1,1,0
COM_16847,5,0,0,0,0,0,0,0,0,0,0,0
COM_518,5,0,0,0,0,0,0,0,0,0,0,0
COM_37198,0,0,0,0,0,0,0,8,0,1,0,0
COM_29850,0,0,0,0,0,0,0,14,0,0,0,0
COM_28522,0,0,0,0,1,0,0,13,0,0,0,0
COM_8886,5,0,0,0,0,0,0,0,0,0,0,0
COM_30840,0,0,0,0,0,0,0,1,0,7,1,0
COM_32261,0,0,0,0,0,0,0,17,0,0,0,0
COM_27033,0,0,0,0,0,0,0,16,0,0,1,0
COM_28583,0,0,0,0,0,0,0,20,0,0,0,0
COM_30925,1,0,0,0,0,0,0,41,0,1,0,0
COM_31576,0,0,1,0,0,0,0,49,0,0,0,0
COM_36907,0,0,0,0,0,0,0,10,0,1,0,0
COM_30890,0,0,0,0,0,0,5,2,0,0,0,0
COM_32813,0,0,5,0,0,0,0,0,0,0,0,0
COM_32713,0,0,0,0,0,0,0,25,0,0,0,0
COM_32945,0,0,0,0,0,0,0,17,0,0,0,0
COM_29099,0,5,0,0,0,0,0,0,0,5,0,0
COM_969,0,0,0,0,0,0,0,5,0,0,0,0
COM_29662,0,0,3,0,0,0,0,1,0,8,0,0
COM_22276,0,0,0,0,0,0,0,6,0,0,0,0
COM_25772,0,0,0,0,0,0,0,6,0,0,0,0
COM_29369,0,0,0,0,0,0,0,11,0,0,0,0
COM_25751,3,0,0,0,0,0,0,1,0,4,0,0
COM_31071,0,0,0,0,0,0,0,25,0,0,0,0
COM_32631,0,0,0,0,0,0,0,32,0,1,0,0
COM_30614,0,0,0,0,0,0,2,10,0,0,0,0
COM_29405,8,0,1,0,0,0,0,95,0,0,0,0
COM_20732,0,0,0,0,0,2,0,3,0,0,0,0
COM_3089,0,0,0,0,0,2,0,3,0,0,0,0
COM_30300,0,0,0,0,0,0,0,0,0,5,0,0
COM_30559,1,0,0,11,0,0,0,9,0,0,0,0
COM_26900,0,1,0,0,0,0,0,0,0,10,0,0
COM_31642,0,0,0,0,0,0,0,5,0,0,0,0
COM_29630,0,0,0,0,0,0,0,17,0,0,0,0
COM_30861,0,0,1,0,0,0,0,9,0,0,0,0
COM_14009,0,0,0,0,0,0,0,10,0,0,0,0
COM_32973,0,0,0,0,0,3,0,9,0,0,0,0
COM_28231,0,0,0,0,0,0,0,33,0,0,0,1
COM_31240,0,0,4,0,0,0,0,31,0,1,0,0
COM_31697,0,0,4,0,0,0,0,8,0,0,0,0
COM_30477,0,0,0,1,0,0,0,8,0,0,0,0
COM_31374,1,0,0,0,0,0,0,40,0,0,0,0
COM_33643,0,0,0,0,0,0,0,15,0,0,0,0
COM_33016,0,0,0,0,0,0,0,30,0,0,0,0
COM_33792,0,0,0,0,0,0,0,32,0,0,0,0
COM_27843,0,0,0,0,0,0,0,11,0,0,0,0
COM_30349,0,0,3,0,0,0,0,32,0,0,0,0
COM_12521,8,0,0,0,0,0,0,0,0,0,0,0
COM_26802,0,0,0,0,0,0,0,5,0,0,0,0
COM_26914,0,0,13,0,0,0,0,0,0,0,0,0
COM_27710,0,0,0,0,0,0,0,7,0,0,0,0
COM_28613,0,0,109,0,0,0,0,0,0,0,0,0
COM_31487,0,0,20,0,0,0,0,0,0,0,0,0
COM_31593,0,0,0,0,0,0,0,11,0,0,0,0
COM_32301,3,0,0,0,2,0,0,6,0,8,0,0
COM_28541,0,0,0,0,0,0,0,6,0,0,0,0
COM_12004,0,0,0,0,4,0,0,4,0,0,0,0
COM_32562,0,0,0,0,0,0,0,22,0,0,0,0
COM_31112,0,1,23,0,0,0,0,0,0,0,0,0
COM_32896,0,0,0,0,0,0,0,14,0,0,0,0
COM_31746,0,3,0,0,0,0,0,0,0,3,0,0
COM_30675,0,0,0,0,0,0,0,12,0,0,0,0
COM_30012,0,0,0,0,0,0,0,5,0,0,0,0
COM_28371,2,0,0,0,0,0,0,19,0,0,0,0
COM_32645,0,0,0,0,0,0,0,30,0,0,0,0
COM_27758,0,0,0,0,0,0,0,54,0,0,0,0
COM_33896,0,0,0,0,0,0,0,9,0,0,0,0
COM_32061,0,0,0,0,0,0,0,45,0,4,0,0
COM_29890,0,0,0,0,0,0,0,6,0,0,0,0
COM_30196,1,0,0,0,0,0,0,4,0,4,0,0
COM_33128,0,0,0,0,0,0,0,11,0,0,0,0
COM_26455,0,0,0,0,0,0,0,10,0,0,0,0
COM_29753,1,0,8,0,0,0,0,26,0,0,0,0
COM_25356,0,0,16,0,0,0,0,7,0,1,0,0
COM_15140,5,0,0,0,0,0,0,0,0,0,0,0
COM_32215,0,0,0,0,1,0,0,1,0,4,0,0
COM_31562,0,0,0,0,0,0,0,17,0,0,0,0
COM_25956,0,0,1,0,0,0,0,33,0,0,0,0
COM_32868,0,0,15,0,0,0,0,0,0,0,0,0
COM_31982,0,0,0,0,0,0,0,5,0,0,0,0
COM_32363,0,0,1,0,0,0,0,7,0,0,0,0
COM_11390,0,0,0,0,0,0,0,6,0,0,0,0
COM_21819,0,0,0,0,0,0,0,6,0,0,0,0
COM_33906,0,0,39,0,0,0,0,1,0,0,0,0
COM_31410,0,0,70,0,0,0,0,0,0,0,0,0
COM_31789,0,0,50,0,0,0,0,0,0,0,0,0
COM_32207,0,0,0,0,0,0,0,22,0,1,0,0
COM_32242,3,0,0,4,0,0,0,18,0,1,0,0
COM_30855,0,0,0,0,0,0,0,7,0,0,0,0
COM_32260,0,0,14,0,0,0,0,0,0,0,0,0
COM_43128,5,0,0,0,0,0,0,32,0,2,0,0
COM_36538,19,0,0,0,0,0,0,0,0,0,0,0
COM_166,8,0,0,0,0,0,0,0,0,0,0,0
COM_28132,0,0,0,0,0,0,5,1,0,2,0,0
COM_33087,0,0,0,0,0,0,0,23,0,0,0,0
COM_28570,0,0,0,0,0,0,0,6,0,0,0,0
COM_10936,0,0,0,0,0,0,0,5,0,0,0,0
COM_29872,0,0,0,0,7,0,0,1,0,1,0,0
COM_42034,0,0,0,0,5,2,0,0,0,0,0,0
COM_30819,0,0,0,0,0,0,0,9,0,0,0,1
COM_28063,1,0,0,0,1,0,0,0,1,18,0,0
COM_27750,2,0,9,0,0,2,0,76,0,3,0,0
COM_27229,0,0,0,4,0,0,0,7,0,0,0,0
COM_31541,0,0,0,0,0,0,0,11,0,0,0,0
COM_32122,0,0,0,0,0,0,0,13,0,0,0,0
COM_37225,0,0,0,0,0,0,0,11,0,0,0,0
COM_26395,0,0,0,0,0,0,0,7,0,0,0,0
COM_28491,5,0,0,0,0,0,0,15,0,0,0,0
COM_33949,0,0,0,0,0,0,0,5,0,0,0,0
COM_29146,0,0,0,0,0,0,0,8,0,0,0,0
COM_31064,0,0,0,0,1,0,0,6,0,0,0,0
COM_32264,0,0,0,0,0,0,0,18,0,0,0,0
COM_27309,0,0,0,0,0,0,0,0,5,2,0,0
COM_30905,0,0,17,0,0,0,0,0,0,0,0,0
COM_30240,0,0,0,0,0,0,0,14,0,0,0,0
COM_30995,0,0,0,0,0,0,0,8,0,0,0,0
COM_32700,0,0,1,0,0,0,0,6,0,0,0,0
COM_30782,0,0,0,0,0,0,0,12,0,0,0,0
COM_28936,0,0,0,0,0,0,0,14,0,0,0,0
COM_27789,0,0,0,0,0,0,0,7,0,0,0,0
COM_32853,0,0,1,0,0,0,0,7,0,0,0,0
COM_31968,0,0,17,0,0,0,0,0,0,0,0,0
COM_40773,9,0,0,0,0,0,0,23,0,0,0,0
COM_32688,0,0,0,0,0,0,0,32,0,0,0,0
COM_33048,0,0,0,0,0,0,0,5,0,0,0,0
COM_31661,1,0,0,0,0,0,0,15,0,0,0,0
COM_27269,6,0,0,0,1,0,0,5,0,0,0,0
COM_14903,0,0,0,0,0,0,0,6,0,0,0,0
COM_30847,0,0,0,0,0,0,0,25,0,0,0,0
COM_19905,5,0,0,0,0,0,0,0,0,0,0,0
COM_37893,0,0,0,0,0,0,0,7,0,0,0,0
COM_27942,0,0,1,0,0,0,0,12,0,1,0,9
COM_26188,0,0,0,0,0,0,0,18,0,0,0,0
COM_26324,0,0,26,0,0,0,0,0,0,0,0,0
COM_28367,0,0,0,0,0,0,0,9,0,0,0,0
COM_31012,1,0,0,0,0,0,0,20,0,0,0,0
COM_32492,0,0,0,0,0,0,0,9,0,0,0,0
COM_33274,0,0,0,0,0,0,0,6,0,3,0,0
COM_32521,0,0,0,0,0,0,0,5,0,4,0,0
COM_27794,0,0,0,0,0,0,0,20,0,0,0,0
COM_26635,0,0,4,0,0,0,0,4,0,0,0,0
COM_32082,1,0,0,0,0,0,0,30,0,0,0,0
COM_26237,0,1,2,0,0,0,0,0,0,2,0,0
COM_27793,12,0,0,0,0,0,0,3,0,0,0,0
COM_30361,0,0,0,0,0,0,0,7,0,1,0,0
COM_29571,0,0,0,0,0,0,0,12,0,0,0,0
COM_29726,9,0,0,0,0,0,0,18,0,2,0,0
COM_29206,0,0,0,0,0,0,1,5,0,0,0,0
COM_28578,0,0,0,0,0,0,0,3,0,2,0,0
COM_26648,0,0,0,0,0,0,0,0,0,5,0,0
COM_25934,0,5,0,0,0,0,0,0,0,0,0,0
COM_33372,0,0,0,0,0,0,2,2,0,1,1,0
COM_11716,0,0,0,0,0,0,0,2,0,6,0,0
COM_28757,0,0,0,0,0,0,0,14,0,0,0,0
COM_25835,0,0,0,2,0,0,1,7,0,0,0,0
COM_30857,0,0,0,0,0,0,0,14,0,0,0,0
COM_33818,0,0,0,0,0,0,0,24,0,0,0,0
COM_30128,0,0,0,0,0,0,0,5,0,0,0,0
COM_31284,0,0,4,0,0,0,0,3,0,0,0,0
COM_37189,0,0,9,0,0,0,0,18,0,5,0,0
COM_11483,3,0,0,0,0,0,0,2,0,6,0,0
COM_31758,0,0,0,0,0,0,0,7,0,0,0,0
COM_36678,0,0,0,0,0,0,0,6,0,0,0,0
COM_29327,2,0,0,0,1,0,0,12,0,0,0,0
COM_29603,5,0,0,0,0,0,0,0,0,0,0,0
COM_33561,0,0,0,0,0,0,0,15,0,0,0,0
COM_26342,0,0,0,0,0,0,0,12,0,0,0,0
COM_17231,0,0,0,0,0,0,1,6,0,0,0,0
COM_33096,0,0,5,0,0,0,0,17,0,0,0,0
COM_41820,0,0,0,0,1,0,0,2,0,5,0,0
COM_14154,0,0,0,0,0,0,0,5,0,0,0,0
COM_17200,0,0,0,0,0,0,0,5,0,0,0,0
COM_43189,0,0,3,0,0,0,0,3,0,0,0,0
COM_12191,0,0,0,0,0,0,0,5,0,0,0,0
COM_26757,6,0,0,0,0,0,0,16,0,3,0,0
COM_33716,0,0,1,0,0,0,0,12,0,0,0,0
COM_23111,0,0,5,0,0,0,0,2,0,0,0,0
COM_27045,0,0,0,0,0,0,0,0,0,6,0,0
COM_16263,0,0,0,0,0,0,0,5,0,0,0,0
COM_23823,0,0,0,0,0,0,0,5,0,0,0,0
COM_32928,0,0,20,0,0,0,0,0,0,0,0,0
COM_36574,1,0,0,0,0,0,0,5,0,1,0,0
COM_25795,0,0,0,0,0,0,1,9,0,0,0,0
COM_11566,9,0,0,0,0,0,0,0,0,0,0,0
COM_8093,5,0,0,0,0,0,0,0,0,0,0,0
COM_4778,5,0,0,0,0,0,0,0,0,0,0,0
COM_20885,5,0,0,0,0,0,0,0,0,0,0,0
COM_16057,5,0,0,0,0,0,0,0,0,0,0,0
COM_2307,6,0,0,0,0,0,0,0,0,0,0,0
COM_20961,7,0,0,0,0,0,0,0,0,0,0,0
COM_13923,6,0,0,0,0,0,0,0,0,0,0,0
COM_25502,0,0,0,1,0,0,1,9,0,0,0,0
COM_27729,2,0,0,3,0,0,1,23,0,2,0,0
COM_557,5,0,0,0,0,0,0,0,0,0,0,0
COM_41860,5,0,0,0,0,0,0,0,0,0,0,0
COM_17388,0,0,6,0,0,1,0,1,0,0,0,0
COM_501,0,0,5,0,0,0,0,0,0,0,0,0
COM_11388,6,0,0,0,0,0,0,0,0,0,0,0
COM_21342,7,0,0,0,0,0,0,0,0,0,0,0
COM_21837,5,0,0,0,0,0,0,0,0,0,0,0
COM_24843,5,0,0,0,0,0,0,0,0,0,0,0
COM_40495,0,0,0,0,0,0,0,5,0,4,0,0
COM_11475,7,0,0,0,0,0,0,0,0,0,0,0
COM_2389,10,0,0,0,0,0,0,0,0,0,0,0
COM_14749,5,0,0,0,0,0,0,2,0,3,0,0
COM_14116,9,0,0,0,2,0,0,0,0,0,0,0
COM_12099,5,0,0,0,0,0,0,0,0,0,0,0
COM_15122,6,0,0,0,0,0,0,0,0,0,0,0
COM_36576,0,0,12,0,0,0,0,2,0,0,0,0
COM_14173,5,0,0,0,0,0,0,0,0,0,0,0
COM_36826,0,0,2,0,0,0,0,1,0,5,0,0
COM_21302,6,0,0,0,0,0,0,1,0,0,0,0
COM_13809,9,0,0,0,0,0,0,0,0,0,0,0
COM_27540,5,0,0,0,0,0,0,0,0,0,0,0
COM_13946,3,0,0,0,0,0,0,2,0,0,0,0
COM_22910,5,0,0,0,0,0,0,0,0,0,0,0
COM_3574,5,0,0,0,0,0,0,0,0,0,0,0
COM_7201,7,0,0,0,1,0,0,0,0,0,0,0
COM_16178,5,0,0,0,0,0,0,0,0,0,0,0
COM_25472,0,0,0,0,0,0,0,6,0,0,0,0
COM_28165,5,0,2,3,0,0,0,4,0,0,0,0
COM_13535,7,0,0,0,1,0,0,0,0,0,0,0
COM_13831,10,0,0,0,0,0,0,0,0,0,0,0
COM_13221,6,0,0,0,0,0,0,0,0,0,0,0
COM_28184,10,0,0,0,0,0,0,0,0,0,0,0
COM_11868,0,0,0,0,0,0,0,5,0,0,0,0
COM_17593,3,0,0,0,0,0,0,2,0,0,0,0
COM_3991,5,0,0,0,0,0,0,0,0,0,0,0
COM_16233,5,0,0,0,0,0,0,0,0,0,0,0
COM_18723,5,0,0,0,0,0,0,0,0,0,0,0
COM_28422,16,0,0,0,0,0,0,15,0,1,0,0
COM_252,5,0,0,0,0,0,0,0,0,0,0,0
COM_16237,5,0,0,0,0,0,0,0,0,0,0,0
COM_21113,5,0,0,0,0,0,0,0,0,0,0,0
COM_58607,0,0,4,0,0,0,0,1,0,0,0,0
COM_16236,5,0,0,0,0,0,0,0,0,0,0,0
COM_26301,0,0,0,0,3,0,0,0,0,2,0,0
COM_719,5,0,0,0,0,0,0,0,0,0,0,0
COM_2414,5,0,0,0,0,0,0,0,0,0,0,0
COM_15009,5,0,0,0,0,0,0,0,0,0,0,0
COM_28290,0,0,0,0,0,0,0,5,0,0,0,0
COM_17543,0,0,0,5,0,0,0,0,0,0,0,0
COM_19143,5,0,0,0,0,0,0,0,0,0,0,0
COM_20270,5,0,0,0,0,0,0,0,0,0,0,0
COM_13509,5,0,0,0,0,0,0,0,0,0,0,0
COM_11385,5,0,0,0,0,0,0,0,0,0,0,0
COM_1,0,0,0,0,0,0,0,24,0,0,0,0
COM_12617,5,0,0,0,0,0,0,0,0,0,0,0
COM_15326,13,0,0,0,0,0,0,0,0,0,0,0
COM_884,5,0,0,0,0,0,0,0,0,0,0,0
COM_12791,5,0,0,0,0,0,0,0,0,0,0,0
COM_11752,0,0,0,0,0,0,0,5,0,0,0,0
COM_12888,9,0,0,0,0,0,0,0,0,0,0,0
COM_582,5,0,0,0,0,0,0,0,0,0,0,0
COM_18280,5,0,0,0,0,0,0,0,0,0,0,0
COM_1090,5,0,0,0,0,0,0,0,0,0,0,0
COM_27281,0,0,0,0,0,0,0,19,0,0,0,0
COM_5416,5,0,0,0,0,0,0,0,0,0,0,0
COM_6031,5,0,0,0,0,0,0,0,0,0,0,0
COM_16606,5,0,0,0,0,0,0,0,0,0,0,0
COM_15196,5,0,0,0,0,0,0,0,0,0,0,0
COM_5915,5,0,0,0,0,0,0,0,0,0,0,0
COM_8829,0,0,0,0,0,0,0,5,0,0,0,0
COM_14520,6,0,0,0,0,0,0,0,0,0,0,0
COM_16115,5,0,0,0,0,0,0,0,0,0,0,0
COM_20020,5,0,0,0,0,0,0,0,0,0,0,0
COM_7626,5,0,0,0,0,0,0,0,0,0,0,0
COM_8865,6,0,0,0,0,0,0,0,0,0,0,0
COM_13266,5,0,0,0,0,0,0,0,0,0,0,0
COM_23307,5,0,0,0,0,0,0,0,0,0,0,0
COM_41652,0,0,0,0,0,0,0,9,0,10,0,0
COM_12904,3,0,0,0,0,0,0,0,0,2,0,0
COM_16733,1,0,0,0,0,0,0,0,5,0,0,0
COM_6668,13,0,0,0,0,0,0,1,0,0,0,0
COM_15106,12,0,0,0,0,0,0,0,0,0,0,0
COM_23022,5,0,0,0,0,0,0,0,0,0,0,0
COM_11548,5,0,0,0,0,0,0,0,0,0,0,0
COM_22127,5,0,0,0,0,0,0,0,0,0,0,0
COM_37139,0,0,0,0,0,0,0,12,0,3,0,0
COM_18016,5,0,0,0,0,0,0,0,0,0,0,0
COM_26537,1,0,0,0,0,0,0,7,0,0,0,0
COM_14200,5,0,0,0,0,0,0,0,0,0,0,0
COM_18081,5,0,0,0,0,0,0,0,0,0,0,0
COM_13810,8,0,0,0,0,0,0,0,0,0,0,0
COM_11600,5,0,0,0,0,0,0,0,0,0,0,0
COM_9579,3,0,0,0,0,0,0,2,0,0,0,0
COM_9488,0,0,0,0,0,0,0,20,0,0,0,0
COM_12588,4,0,0,0,0,0,0,1,0,0,0,0
COM_3633,5,0,0,0,0,0,0,0,0,0,0,0
COM_16409,1,0,0,0,0,0,0,5,0,0,0,0
COM_21037,15,0,0,0,0,0,0,1,0,0,0,0
COM_22754,6,0,0,0,0,0,0,0,0,0,0,0
COM_17623,6,0,0,0,0,0,0,2,0,0,0,0
COM_36743,2,0,0,0,0,0,0,0,0,3,0,0
COM_20106,5,0,0,0,0,0,0,0,0,0,0,0
COM_19965,5,0,0,0,0,0,0,0,0,0,0,0
COM_14947,5,0,0,0,0,0,0,0,0,0,0,0
COM_20649,5,0,0,0,0,0,0,0,0,0,0,0
COM_21815,9,0,0,0,0,0,0,0,0,0,0,0
COM_13546,5,0,0,0,0,0,0,0,0,0,0,0
COM_17022,5,0,0,0,0,0,0,0,0,0,0,0
COM_5494,5,0,0,0,0,0,0,0,0,0,0,0
COM_20113,5,0,0,0,0,0,0,0,0,0,0,0
COM_23422,5,0,0,0,0,0,0,0,0,0,0,0
COM_16515,14,0,0,0,0,0,0,0,0,0,0,0
COM_11946,5,0,0,0,0,0,0,0,0,0,0,0
COM_12122,5,0,0,0,0,0,0,0,0,0,0,0
COM_17926,5,0,0,0,0,0,0,0,0,0,0,0
COM_15930,5,0,0,0,0,0,0,0,0,0,0,0
COM_13521,5,0,0,0,0,0,0,0,0,0,0,0
COM_3860,7,0,0,0,0,0,0,1,0,0,0,0
COM_17635,14,0,0,0,0,0,0,0,0,0,0,0
COM_19863,5,0,0,0,0,0,0,0,0,0,0,0
COM_21327,5,0,0,0,0,0,0,0,0,0,0,0
COM_4671,5,0,0,0,0,0,0,0,0,0,0,0
COM_36571,0,0,0,0,0,0,0,25,0,0,0,0
COM_39614,0,0,4,0,0,0,0,2,0,1,0,0
COM_39680,0,0,5,0,0,1,0,2,0,1,0,0
COM_48197,0,0,5,0,0,0,0,2,0,1,0,0
COM_38910,0,0,5,0,0,1,0,3,0,0,0,0
COM_48897,0,0,5,0,0,0,0,0,0,0,0,0
COM_48902,0,0,5,0,0,0,0,0,0,0,0,0
COM_48916,0,0,5,0,0,0,0,0,0,0,0,0
COM_48924,0,0,5,0,0,0,0,0,0,0,0,0
COM_57671,0,0,0,0,0,0,0,6,0,0,0,0
COM_12426,0,0,0,0,5,0,0,0,0,0,0,0
COM_13783,0,0,0,0,5,0,0,0,0,0,0,0
COM_14076,0,0,0,0,10,0,0,0,0,0,0,0
COM_15837,0,0,0,0,5,0,0,0,0,0,0,0
COM_20562,0,0,0,0,5,0,0,0,0,0,0,0
COM_24893,0,0,0,0,5,0,0,0,0,0,0,0
COM_3011,0,0,0,0,5,0,0,0,0,0,0,0
COM_3219,0,0,0,0,9,0,0,0,0,0,0,0
COM_30596,0,0,0,0,28,0,0,0,0,0,0,0
COM_26974,0,0,0,0,20,0,0,0,0,0,0,0
COM_30451,0,0,0,0,19,0,0,0,0,0,0,0
COM_33308,0,0,0,0,11,0,0,0,0,0,0,0
COM_44544,0,0,0,0,13,0,0,0,0,0,0,0
COM_11705,0,0,0,0,5,0,0,0,0,0,0,0
COM_12285,0,0,0,0,5,0,0,0,0,0,0,0
COM_13735,0,0,0,0,5,0,0,0,0,0,0,0
COM_17545,0,0,0,0,5,0,0,0,0,0,0,0
COM_1963,0,0,0,0,5,0,0,0,0,0,0,0
COM_19676,0,0,0,0,5,0,0,0,0,0,0,0
COM_20015,0,0,0,0,5,0,0,0,0,0,0,0
COM_20123,0,0,0,0,5,0,0,0,0,0,0,0
COM_20475,0,0,0,0,5,0,0,0,0,0,0,0
COM_20599,0,0,0,0,5,0,0,0,0,0,0,0
COM_20676,0,0,0,0,5,0,0,0,0,0,0,0
COM_21061,0,0,0,0,5,0,0,0,0,0,0,0
COM_21091,0,0,0,0,5,0,0,0,0,0,0,0
COM_21478,0,0,0,0,5,0,0,0,0,0,0,0
COM_21659,0,0,0,0,5,0,0,0,0,0,0,0
COM_22154,0,0,0,0,5,0,0,0,0,0,0,0
COM_22491,0,0,0,0,5,0,0,0,0,0,0,0
COM_22885,0,0,0,0,5,0,0,0,0,0,0,0
COM_23559,0,0,0,0,5,0,0,0,0,0,0,0
COM_23664,0,0,0,0,5,0,0,0,0,0,0,0
COM_24377,0,0,0,0,5,0,0,0,0,0,0,0
COM_24991,0,0,0,0,5,0,0,0,0,0,0,0
COM_25052,0,0,0,0,5,0,0,0,0,0,0,0
COM_3914,0,0,0,0,5,0,0,0,0,0,0,0
COM_4175,0,0,0,0,5,0,0,0,0,0,0,0
COM_5438,0,0,0,0,5,0,0,0,0,0,0,0
COM_5792,0,0,0,0,8,0,0,0,0,0,0,0
COM_10003,0,0,0,0,6,0,0,0,0,0,0,0
COM_11125,0,0,0,0,6,0,0,0,0,0,0,0
COM_16398,0,0,0,0,5,0,0,0,0,0,0,0
COM_17092,0,0,0,0,5,0,0,0,0,0,0,0
COM_22715,0,0,0,0,8,0,0,0,0,0,0,0
COM_23737,0,0,0,0,5,0,0,0,0,0,0,0
COM_530,0,0,0,0,5,0,0,0,0,0,0,0
COM_5345,0,0,0,0,7,0,0,0,0,0,0,0
COM_7579,0,0,0,0,6,0,0,0,0,0,0,0
COM_9582,0,0,0,0,5,0,0,0,0,0,0,0
COM_12132,0,0,0,0,5,0,0,0,0,0,0,0
COM_14386,0,0,0,0,11,0,0,0,0,0,0,0
COM_333,0,0,0,0,8,0,0,0,0,0,0,0
COM_28658,0,0,0,0,8,0,0,0,0,0,0,0
COM_23139,0,0,0,0,5,0,0,0,0,0,0,0
COM_37563,0,0,0,0,12,0,0,0,0,0,0,0
COM_39350,0,0,0,0,11,0,0,0,0,0,0,0
COM_39904,0,0,0,0,8,0,0,0,0,0,0,0
COM_10280,0,0,0,0,5,0,0,0,0,0,0,0
COM_12732,0,0,0,0,5,0,0,0,0,0,0,0
COM_13623,0,0,0,0,5,0,0,0,0,0,0,0
COM_1561,0,0,0,0,5,0,0,0,0,0,0,0
COM_16363,0,0,0,0,5,0,0,0,0,0,0,0
COM_1654,0,0,0,0,5,0,0,0,0,0,0,0
COM_18071,0,0,0,0,5,0,0,0,0,0,0,0
COM_19407,0,0,0,0,5,0,0,0,0,0,0,0
COM_20386,0,0,0,0,5,0,0,0,0,0,0,0
COM_21453,0,0,0,0,5,0,0,0,0,0,0,0
COM_21872,0,0,0,0,5,0,0,0,0,0,0,0
COM_22109,0,0,0,0,5,0,0,0,0,0,0,0
COM_23403,0,0,0,0,5,0,0,0,0,0,0,0
COM_23551,0,0,0,0,5,0,0,0,0,0,0,0
COM_23586,0,0,0,0,5,0,0,0,0,0,0,0
COM_23604,0,0,0,0,5,0,0,0,0,0,0,0
COM_23698,0,0,0,0,5,0,0,0,0,0,0,0
COM_24787,0,0,0,0,5,0,0,0,0,0,0,0
COM_25144,0,0,0,0,5,0,0,0,0,0,0,0
COM_351,0,0,0,0,5,0,0,0,0,0,0,0
COM_549,0,0,0,0,5,0,0,0,0,0,0,0
COM_5966,0,0,0,0,5,0,0,0,0,0,0,0
COM_6372,0,0,0,0,5,0,0,0,0,0,0,0
COM_8995,0,0,0,0,5,0,0,0,0,0,0,0
COM_9607,0,0,0,0,5,0,0,0,0,0,0,0
COM_30290,0,0,0,0,6,0,0,0,0,0,0,0
COM_11953,0,0,0,0,5,0,0,0,0,0,0,0
COM_13621,0,0,0,0,5,0,0,0,0,0,0,0
COM_14817,0,0,0,0,5,0,0,0,0,0,0,0
COM_16484,0,0,0,0,5,0,0,0,0,0,0,0
COM_18011,0,0,0,0,5,0,0,0,0,0,0,0
COM_19107,0,0,0,0,5,0,0,0,0,0,0,0
COM_20547,0,0,0,0,5,0,0,0,0,0,0,0
COM_21184,0,0,0,0,5,0,0,0,0,0,0,0
COM_23624,0,0,0,0,5,0,0,0,0,0,0,0
COM_23735,0,0,0,0,5,0,0,0,0,0,0,0
COM_275,0,0,0,0,5,0,0,0,0,0,0,0
COM_2803,0,0,0,0,5,0,0,0,0,0,0,0
COM_5182,0,0,0,0,5,0,0,0,0,0,0,0
COM_7190,0,0,0,0,5,0,0,0,0,0,0,0
COM_866,0,0,0,0,5,0,0,0,0,0,0,0
COM_11491,0,0,0,0,9,0,0,0,0,0,0,0
COM_13134,0,0,0,0,5,0,0,0,0,0,0,0
COM_1342,0,0,0,0,5,0,0,0,0,0,0,0
COM_14387,0,0,0,0,5,0,0,0,0,0,0,0
COM_21631,0,0,0,0,5,0,0,0,0,0,0,0
COM_22424,0,0,0,0,5,0,0,0,0,0,0,0
COM_22432,0,0,0,0,5,0,0,0,0,0,0,0
COM_42902,0,0,0,0,20,0,0,0,0,0,0,0
COM_24385,0,0,0,0,9,0,0,0,0,0,0,0
COM_12111,0,0,0,0,5,0,0,0,0,0,0,0
COM_13531,0,0,0,0,8,0,0,0,0,0,0,0
COM_13565,0,0,0,0,6,0,0,0,0,0,0,0
COM_13915,0,0,0,0,5,0,0,0,0,0,0,0
COM_14846,0,0,0,0,6,0,0,0,0,0,0,0
COM_16613,0,0,0,0,7,0,0,0,0,0,0,0
COM_19321,0,0,0,0,7,0,0,0,0,0,0,0
COM_19873,0,0,0,0,6,0,0,0,0,0,0,0
COM_20634,0,0,0,0,9,0,0,0,0,0,0,0
COM_21591,0,0,0,0,7,0,0,0,0,0,0,0
COM_21867,0,0,0,0,8,0,0,0,0,0,0,0
COM_22244,0,0,0,0,7,0,0,0,0,0,0,0
COM_22569,0,0,0,0,6,0,0,0,0,0,0,0
COM_24653,0,0,0,0,7,0,0,0,0,0,0,0
COM_2734,0,0,0,0,8,0,0,0,0,0,0,0
COM_6451,0,0,0,0,7,0,0,0,0,0,0,0
COM_23440,0,0,0,0,8,0,0,0,0,0,0,0
COM_36943,0,0,0,0,7,0,0,0,0,0,0,0
COM_10225,0,0,0,0,5,0,0,0,0,0,0,0
COM_15402,0,0,0,0,5,0,0,0,0,0,0,0
COM_2111,0,0,0,0,5,0,0,0,0,0,0,0
COM_22460,0,0,0,0,5,0,0,0,0,0,0,0
COM_22930,0,0,0,0,5,0,0,0,0,0,0,0
COM_24495,0,0,0,0,5,0,0,0,0,0,0,0
COM_9170,0,0,0,0,5,0,0,0,0,0,0,0
COM_16330,0,0,0,0,5,0,0,0,0,0,0,0
COM_13800,0,0,0,0,5,0,0,0,0,0,0,0
COM_17633,0,0,0,0,5,0,0,0,0,0,0,0
COM_18548,0,0,0,0,5,0,0,0,0,0,0,0
COM_18552,0,0,0,0,5,0,0,0,0,0,0,0
COM_19769,0,0,0,0,5,0,0,0,0,0,0,0
COM_21958,0,0,0,0,5,0,0,0,0,0,0,0
COM_25123,0,0,0,0,5,0,0,0,0,0,0,0
COM_6227,0,0,0,0,5,0,0,0,0,0,0,0
COM_9255,0,0,0,0,5,0,0,0,0,0,0,0
COM_11193,0,0,0,0,5,0,0,0,0,0,0,0
COM_12342,0,0,0,0,5,0,0,0,0,0,0,0
COM_12622,0,0,0,0,5,0,0,0,0,0,0,0
COM_12771,0,0,0,0,5,0,0,0,0,0,0,0
COM_14163,0,0,0,0,5,0,0,0,0,0,0,0
COM_14661,0,0,0,0,5,0,0,0,0,0,0,0
COM_14961,0,0,0,0,5,0,0,0,0,0,0,0
COM_17807,0,0,0,0,5,0,0,0,0,0,0,0
COM_17808,0,0,0,0,5,0,0,0,0,0,0,0
COM_18763,0,0,0,0,5,0,0,0,0,0,0,0
COM_19721,0,0,0,0,5,0,0,0,0,0,0,0
COM_19993,0,0,0,0,5,0,0,0,0,0,0,0
COM_21490,0,0,0,0,5,0,0,0,0,0,0,0
COM_22172,0,0,0,0,5,0,0,0,0,0,0,0
COM_24216,0,0,0,0,5,0,0,0,0,0,0,0
COM_24867,0,0,0,0,5,0,0,0,0,0,0,0
COM_25122,0,0,0,0,5,0,0,0,0,0,0,0
COM_18154,0,0,0,0,5,0,0,0,0,0,0,0
COM_20733,0,0,0,0,5,0,0,0,0,0,0,0
COM_211,0,0,0,0,5,0,0,0,0,0,0,0
COM_21622,0,0,0,0,5,0,0,0,0,0,0,0
COM_25083,0,0,0,0,5,0,0,0,0,0,0,0
COM_32439,0,0,0,0,5,0,0,0,0,0,0,0
COM_18198,0,0,0,0,5,0,0,0,0,0,0,0
COM_24138,0,0,0,0,5,0,0,0,0,0,0,0
COM_24373,0,0,0,0,5,0,0,0,0,0,0,0
COM_5859,0,0,0,0,5,0,0,0,0,0,0,0
COM_6124,0,0,0,0,5,0,0,0,0,0,0,0
COM_7121,0,0,0,0,5,0,0,0,0,0,0,0
COM_10668,0,0,0,0,7,0,0,0,0,0,0,0
COM_24587,0,0,0,0,6,0,0,0,0,0,0,0
COM_17563,0,0,0,0,6,0,0,0,0,0,0,0
COM_18631,0,0,0,0,6,0,0,0,0,0,0,0
COM_20608,0,0,0,0,6,0,0,0,0,0,0,0
COM_24290,0,0,0,0,6,0,0,0,0,0,0,0
COM_4764,0,0,0,0,6,0,0,0,0,0,0,0
COM_5828,0,0,0,0,6,0,0,0,0,0,0,0
COM_6906,0,0,0,0,6,0,0,0,0,0,0,0
COM_110,0,0,0,0,7,0,0,0,0,0,0,0
COM_19619,0,0,0,0,8,0,0,0,0,0,0,0
COM_23512,0,0,0,0,6,0,0,0,0,0,0,0
COM_562,0,0,0,0,6,0,0,0,0,0,0,0
COM_13702,0,0,0,0,9,0,0,0,0,0,0,0
COM_37340,0,0,0,0,8,0,0,0,0,0,0,0
COM_4010,0,0,0,0,5,0,0,0,0,0,0,0
COM_1492,0,0,0,0,6,0,0,0,0,0,0,0
COM_15617,0,0,0,0,6,0,0,0,0,0,0,0
COM_16154,0,0,0,0,6,0,0,0,0,0,0,0
COM_16840,0,0,0,0,7,0,0,0,0,0,0,0
COM_23327,0,0,0,0,6,0,0,0,0,0,0,0
COM_24759,0,0,0,0,7,0,0,0,0,0,0,0
COM_2962,0,0,0,0,7,0,0,0,0,0,0,0
COM_3986,0,0,0,0,6,0,0,0,0,0,0,0
COM_11943,0,0,0,0,6,0,0,0,0,0,0,0
COM_12217,0,0,0,0,6,0,0,0,0,0,0,0
COM_12773,0,0,0,0,6,0,0,0,0,0,0,0
COM_18530,0,0,0,0,5,0,0,0,0,0,0,0
COM_20664,0,0,0,0,6,0,0,0,0,0,0,0
COM_20997,0,0,0,0,7,0,0,0,0,0,0,0
COM_23659,0,0,0,0,6,0,0,0,0,0,0,0
COM_3819,0,0,0,0,6,0,0,0,0,0,0,0
COM_9020,0,0,0,0,5,0,0,0,0,0,0,0
COM_25422,0,0,0,0,5,0,0,0,0,0,0,0
COM_11392,0,0,0,0,6,0,0,0,0,0,0,0
COM_14811,0,0,0,0,7,0,0,0,0,0,0,0
COM_22971,0,0,0,0,7,0,0,0,0,0,0,0
COM_4658,0,0,0,0,6,0,0,0,0,0,0,0
COM_15266,0,0,0,0,5,0,0,0,0,0,0,0
COM_15979,0,0,0,0,5,0,0,0,0,0,0,0
COM_17355,0,0,0,0,5,0,0,0,0,0,0,0
COM_11845,0,0,0,0,5,0,0,0,0,0,0,0
COM_15281,0,0,0,0,5,0,0,0,0,0,0,0
COM_1404,0,0,0,0,9,0,0,0,0,0,0,0
COM_16532,0,0,0,0,8,0,0,0,0,0,0,0
COM_16534,0,0,0,0,5,0,0,0,0,0,0,0
COM_20438,0,0,0,0,5,0,0,0,0,0,0,0
COM_20928,0,0,0,0,9,0,0,0,0,0,0,0
COM_31580,0,0,0,0,6,0,0,0,0,0,0,0
COM_12177,0,0,0,0,5,0,0,0,0,0,0,0
COM_16187,0,0,0,0,5,0,0,0,0,0,0,0
COM_23507,0,0,0,0,5,0,0,0,0,0,0,0
COM_2436,0,0,0,0,5,0,0,0,0,0,0,0
COM_25107,0,0,0,0,5,0,0,0,0,0,0,0
COM_20328,0,0,0,0,5,0,0,0,0,0,0,0
COM_20887,0,0,0,0,5,0,0,0,0,0,0,0
COM_22921,0,0,0,0,5,0,0,0,0,0,0,0
COM_287,0,0,0,0,5,0,0,0,0,0,0,0
COM_23708,0,0,0,0,5,0,0,0,0,0,0,0
COM_21452,0,0,0,0,6,0,0,0,0,0,0,0
COM_3081,0,0,0,0,6,0,0,0,0,0,0,0
COM_31182,0,0,0,0,5,0,0,0,0,0,0,0
COM_1461,0,0,0,0,5,0,0,0,0,0,0,0
COM_18067,0,0,0,0,5,0,0,0,0,0,0,0
COM_17829,0,0,0,0,5,0,0,0,0,0,0,0
COM_17326,0,0,0,0,5,0,0,0,0,0,0,0
COM_21457,0,0,0,0,6,0,0,0,0,0,0,0
COM_14539,0,0,0,0,5,0,0,0,0,0,0,0
COM_22901,0,0,0,0,5,0,0,0,0,0,0,0
COM_15487,0,0,0,0,5,0,0,0,0,0,0,0